slug,name,description,ministry,department,state,category,beneficiary_type,benefits,eligibility_text,application_process,documents_required,apply_url,official_url,eligibility_age_min,eligibility_age_max,eligibility_gender,eligibility_caste,eligibility_income_max,eligibility_residence,eligibility_state,eligibility_disability,eligibility_bpl,scraped_at,scheme_text,text_length
ira-wrflsncs," ""Immediate Relief Assistance"" under ""Welfare and Relief for Fishermen During Lean Seasons and Natural Calamities Scheme""","The scheme ""Immediate Relief Assistance"" under ""Welfare and Relief for Fishermen During Lean Seasons and Natural Calamities Scheme"" is introduced to extend financial assistance to the fishermen's families to compensate for the loss due to the missing breadwinner and to support them financially.",,"Fisheries and Fishermen Welfare Department, Puducherry",Puducherry,"Agriculture,Rural & Environment, Social welfare & Empowerment","Individual, Family","₹ 1,00,000, in two installments of ₹ 50,000 each, as immediate relief assistance for the family (legal heir) of the missing fisherman.
<br>

> **Disbursal**

- Initially, 50% will be extended within 3 months from the date of receipt of the application from the family (legal heir).
- The family (legal heir) should approach this department for the release of the balance 50% of the relief which will be deposited in the bank in a joint account in the name of kin (legal heir) and the competent authority concerned.
- If no further information is received about the missing person, the balance amount will be released in favour of the next of kin (legal heir), after the prescribed period of 9 months from the date of release of 1st part of lump sum.

****In case of the return of the missing fishermen, the amount extended as compensation either ₹ 50,000 or ₹ 1,00,000 as the case may be, will be recovered by invoking an insurance bond.***","- The applicant should be the family (legal heir) of the missing fisherman.
- The missing fisherman should have been a resident of the Union territory of Puducherry.
- The missing fisherman must have lost his/her life while fishing. 
- The missing fisherman must have been in the age group of 18-60 years.
- The missing fisherman must not have been a beneficiary of the old age pension scheme. 
- The missing fisherman should have enrolled as a member of the Fishermen/Fisherwomen Co-operative Society.","[Offline]
Step 1: The interested applicant should visit the office of the concerned authority i.e. the Department of Fisheries and Fishermen Welfare/Sub-Offices of outlying regions in all four regions.
Step 1: The interested applicant should request the hard copy of the prescribed format of the application form from the concerned authority.
Step 2: In the application form, fill in all the mandatory fields, paste the passport-sized photograph (signed across, if required), and attach copies of all the mandatory documents (self-attest, if required).
Step 3: Submit the duly filled and signed application form along with the documents to the concerned authority.
Step 4: Request a receipt or acknowledgment from the concerned authority to whom the application has been submitted. Ensure that the receipt contains essential details such as the date and time of submission, and a unique identification number (if applicable).
*The affected family (legal heir) should apply immediately within 30 days from the date of the event for consideration.","Photograph of the Family (Legal Heir) of the Missing Fisherman.
Residential Certificate of the Missing Fishermen.
Proof of Age of the Missing Fishermen.
Declaration That the Missing Fisherman Was Not a Beneficiary of the Old Age Pension Scheme. 
Membership Certificate from the President/Administrator of Fishermen/Fisherwoman Co-operative Society. 
Electoral Identity Card (Attested Copy)
Ration Card (Attested Copy)
Panchayathar’s Letter of Village Concerned
Name, Relationship, and Address of the Legal Heir (Affidavit in ₹ 5 Stamp Paper, Affixing as the Legal Heir Duly Signed in Before a Notary Public).
‘No Claim’ Certificate in Respect of Financial Assistance Extended by the Revenue Department Should Be Obtained From the Department of Revenue and Disaster Management.
FIR and Non-traceable Certificate From Respective Station House Officer of Police Department.
Statement of Next Kin of Missing Person, Statement of Panchayathars, Statement of Persons Who Have Lastly Seen the Missing Person. 
Advertisement/newspaper Report of the Missing Person in Gazette in Tamil/local Newspaper, Municipality/ Commune Panchayat Office, Ration Shop, and Police Station in the Vernacular Language.",https://fisheries.py.gov.in/sites/default/files/immediate20relief20notification.pdf,https://www.myscheme.gov.in/schemes/ira-wrflsncs,18.0,60.0,all,[],,both,"[""Puducherry""]",False,False,2026-07-05 10:07:38.558+00,"""Immediate Relief Assistance"" under ""Welfare and Relief for Fishermen During Lean Seasons and Natural Calamities Scheme"" The scheme ""Immediate Relief Assistance"" under ""Welfare and Relief for Fishermen During Lean Seasons and Natural Calamities Scheme"" is introduced to extend financial assistance to the fishermen's families to compensate for the loss due to the missing breadwinner and to support them financially. ₹ 1,00,000, in two installments of ₹ 50,000 each, as immediate relief assistance for the family (legal heir) of the missing fisherman. Disbursal - Initially, 50% will be extended within 3 months from the date of receipt of the application from the family (legal heir). - The family (legal heir) should approach this department for the release of the balance 50% of the relief which will be deposited in the bank in a joint account in the name of kin (legal heir) and the competent authority concerned. - If no further information is received about the missing person, the balance amount will be released in favour of the next of kin (legal heir), after the prescribed period of 9 months from the date of release of 1st part of lump sum. In case of the return of the missing fishermen, the amount extended as compensation either ₹ 50,000 or ₹ 1,00,000 as the case may be, will be recovered by invoking an insurance bond. Agriculture,Rural & Environment, Social welfare & Empowerment Individual, Family - The applicant should be the family (legal heir) of the missing fisherman. - The missing fisherman should have been a resident of the Union territory of Puducherry. - The missing fisherman must have lost his/her life while fishing. - The missing fisherman must have been in the age group of 18-60 years. - The missing fisherman must not have been a beneficiary of the old age pension scheme. - The missing fisherman should have enrolled as a member of the Fishermen/Fisherwomen Co-operative Society.",1918
kuksy, Krishak Utpadak Kshati Sahayata Yojana,"The scheme aims to provide financial assistance and compensation to farmers in the event of loss or damage to crops, livestock, or agricultural land caused by fire, flood, or heavy rains in the notified areas of the state.",,Agriculture Department,Uttarakhand,"Agriculture,Rural & Environment",Individual,"Damage caused by fire accidents to standing crops, harvested crops in the field, crops stored in barns for threshing, or residual produce in the notified market areas of Uttarakhand State, as well as damage to property and livestock due to fire in the farmer’s house, and damage to agricultural land due to floods or rain-induced soil erosion, all such losses make farmers eligible to receive compensation under this scheme.
<br>","1. The applicant must be a resident of Uttarakhand.
1. The applicant must be a minimum of 18 years of age to submit and receive a claim.

<br>","[Offline]
For reporting fire or flood accidents, the affected farmer/producer must submit an application in the prescribed format (available free of cost at the Mandi Samiti office) to the Secretary, Chairman, Administrator, or Tehsildar of the concerned Mandi Samiti area within seven days of the incident.
The received claim will be investigated by the Secretary of the Market Committee, and the inquiry must be completed within one week. The final report shall be submitted to the Chairman/Administrator of the Mandi Committee in the prescribed format attached to the claim form. In areas where the Mandi Committee does not have an office, the concerned Tehsildar will conduct the inquiry and forward it to the respective Mandi Committee.
After thorough scrutiny of the claim form by the Mandi Samiti office, the payment process will be initiated with the approval of the Chairman/Administrator of the Mandi Samiti.
All the above proceedings should be completed within two months, and in special circumstances, the Chairman/Administrator of the Mandi Committee may extend the time period as required.
For the payment of assistance claims, the Mandi Board will prepare a bank draft of the sanctioned amount in the name of the claimant and send it to the Secretary of the concerned Mandi Committee for disbursement.",Documents are required in accordance with the Mandi Committee/ Mandi Board for claiming the compensation under the scheme.,https://uk.gov.in/department92/library_file/file-30-01-2025-04-25-16.pdf,https://www.myscheme.gov.in/schemes/kuksy,18.0,,all,[],,both,"[""Uttarakhand""]",False,False,2026-07-05 09:49:18.494+00,"Krishak Utpadak Kshati Sahayata Yojana The scheme aims to provide financial assistance and compensation to farmers in the event of loss or damage to crops, livestock, or agricultural land caused by fire, flood, or heavy rains in the notified areas of the state. Damage caused by fire accidents to standing crops, harvested crops in the field, crops stored in barns for threshing, or residual produce in the notified market areas of Uttarakhand State, as well as damage to property and livestock due to fire in the farmer’s house, and damage to agricultural land due to floods or rain-induced soil erosion, all such losses make farmers eligible to receive compensation under this scheme. Agriculture,Rural & Environment Individual 1. The applicant must be a resident of Uttarakhand. 1. The applicant must be a minimum of 18 years of age to submit and receive a claim.",866
aith-atisis,"""Agricultural Income Tax Holiday"" under the ""Assam Tea Industries Special Incentives Scheme""","The scheme aims to ensure long-term financial sustainability of the Tea industry and to incentivize manufacturers to move from Crush, Tear, Curl tea to Orthodox tea production. The scheme is implemented by the Finance Department and the Industries & Commerce Department, Government of Assam.",,Finance Department,Assam,"Banking,Financial Services and Insurance, Agriculture,Rural & Environment",Individual,"**Benefit Period:** 3 years of Agricultural Income Tax holiday.
**Applicable Financial Years:** 2022-23 to 2024-25.
**Condition:** Returns must be filed within the due date; if not filed on the due date, interest and penalty will be applicable.
<br>","- The applicant must be a tea plantation across all sizes.

- The applicant must be a tea manufacturing unit manufacturing Crush, Tear, Curl Tea, Orthodox Tea, or Speciality tea including Green tea, Oolong Tea, White tea, Yellow tea and Purple tea.
- The applicant must be located entirely in Assam.
- The applicant must not have any part of the plantation or manufacturing facility located outside the State of Assam.

<br>","[Online]
Registration Process
Step 1: Visit the dedicated portal of ""Assam Tea Industries Special Incentives"" Scheme. Click on the ""New User Registration"" option.
Step 2: In the registration form, fill in basic details including name, mobile number, and email address. Create a username and password following the portal's password policy. Verify your mobile number through one-time password verification. Complete Captcha Code verification. Submit the registration form.
Step 3: Check your registered email for the account activation link. Click on the activation link to activate the account. Log in to the portal using registered credentials.
Step 4: Upload all supporting documents of eligibility in the prescribed format. Fill in complete unit details, including location, type of tea production, and capacity. Submit the unit registration form. Wait for registration approval.
Application Process
Step 1: Log in to the portal using registered credentials. Navigate to the ""Apply for Benefits"" section. Select the scheme component that you intend to apply for.
Step 2: Fill in the prescribed application form with all mandatory fields. Upload all supporting documents as mentioned in the portal. Ensure file formats and file size restrictions are followed as per the portal guidelines. Review all entered information for accuracy.
Step 3: Upload documents in the specified format and size. Ensure all documents are clear and legible. Complete document verification checklist.
Step 4: Review the complete application before submission. Apply online.
*Note down the application reference number. Save a copy of the submitted application form.
*Applicants are strongly encouraged to save a copy of the submitted application, confirmation message, and application reference number for future reference and tracking purposes.
Application Status Tracking
Log in to the portal to check application status. Track application progress through different stages of verification. Receive Short Message Service alerts throughout the process, including registration, fund release, etc.
*For Technical Support, please write to atisis.assam@gmail.com.
Disbursement Process
The Finance Department releases the benefit directly to the beneficiary's bank account. Short Message Service alerts sent for funds disbursement. The beneficiary receives the Direct Benefit Transfer in a registered bank account.","Agricultural Income Tax Return Filing Documents.
Tea Estate Registration Certificate.
Common Documents for All Benefits.
Aadhaar Card.
Permanent Account Number Card.
Business Registration Certificate.
Bank Account Details.
Address Proof of Unit Location in Assam.",https://atisis.assam.gov.in/atsisver/pdfView.html?filename=Notification_ATISIS_2020.pdf,https://www.myscheme.gov.in/schemes/aith-atisis,,,all,[],,both,"[""Assam""]",False,False,2026-07-05 09:33:37.658+00,"""Agricultural Income Tax Holiday"" under the ""Assam Tea Industries Special Incentives Scheme"" The scheme aims to ensure long-term financial sustainability of the Tea industry and to incentivize manufacturers to move from Crush, Tear, Curl tea to Orthodox tea production. The scheme is implemented by the Finance Department and the Industries & Commerce Department, Government of Assam. Benefit Period: 3 years of Agricultural Income Tax holiday. Applicable Financial Years: 2022-23 to 2024-25. Condition: Returns must be filed within the due date; if not filed on the due date, interest and penalty will be applicable. Banking,Financial Services and Insurance, Agriculture,Rural & Environment Individual - The applicant must be a tea plantation across all sizes. - The applicant must be a tea manufacturing unit manufacturing Crush, Tear, Curl Tea, Orthodox Tea, or Speciality tea including Green tea, Oolong Tea, White tea, Yellow tea and Purple tea. - The applicant must be located entirely in Assam. - The applicant must not have any part of the plantation or manufacturing facility located outside the State of Assam.",1120
aipbo-faascdmf,"""Annual Insurance Premium for Boat Owners"" under ""Financial Assistance for Availing Subsidy Components for the Development of Marine Fisheries""","""Annual Insurance Premium for Boat Owners"" under ""Financial Assistance for Availing Subsidy Components for the Development of Marine Fisheries"" is introduced to increase marine fish production through subsidies for the annual premiums for insurance coverage paid by the mechanized boat operators.",,"Fisheries and Fishermen Welfare Department, Puducherry",Puducherry,"Agriculture,Rural & Environment, Banking,Financial Services and Insurance",Individual,"50% subsidy subject to a maximum of ₹ 20,000 per boat on annual insurance premium.
***The rate of subsidy/maximum limit may be revised by the Government from time to time.***","- The applicant should either belong to the fishermen community or be one of those professionally engaged in fishing/fish trade occupation on a full-time basis/prospective entrepreneurs.
- The applicant must have resided in the Union territory of Puducherry for a continuous period of not less than five years at the time of applying for extending subsidies/ grants. 
- The applicant must have been enrolled as a member of the Fishermen Co-operative Society and be above the age of 23 years and below 60 years.
- The applicant must not have been a recipient of Old Age Pension, issued by the department. 
- The applicant should not be employed in Government/ Government Undertakings/Fishermen Co-operative Society. 
- The applicant must not have any dues to be paid to the Department/Fishermen Co-operative Societies at the time of making the application. 
- The applicant should possess a registered mechanized boat. 
- The applicant should have insured the boat on an annual basis with the authorized insurance company.","[Offline]
Step 1: The interested applicant should visit the Office/ Sub-Office of the Department of Fisheries and Fishermen Welfare.
Step 1: The interested applicant should request the hard copy of the prescribed format of the application form from the concerned authority.
Step 2: In the application form, fill in all the mandatory fields, paste the passport-sized photograph (signed across, if required), and attach copies of all the mandatory documents (self-attest, if required).
Step 3: Submit the duly filled and signed application form along with the documents to the concerned authority.
Step 4: Request a receipt or acknowledgment from the concerned authority to whom the application has been submitted. Ensure that the receipt contains essential details such as the date and time of submission, and a unique identification number (if applicable).","Passport Sized Photograph.
Aadhaar Card.
Election Photo Identity Card (for Proof of Identity).
Ration Card (for Proof of Address).
Birth Certificate (for Proof of Age).
Membership Certificate from the President/Administrator of Fishermen/Fisherwoman Co-operative Society (in the case of fishermen).
Document attesting full-time engagement in fishing or fish trade occupation (in the case of Fish Traders).
Residence Certificate indicating a continuous period of not less than five years in the Union territory of Puducherry (from Deputy Tahsildar of the Area of Residence).
Enrollment certificate as a member of the Fishermen Co-operative Society.
Declaration of not being a recipient of Old Age Pension.
Declaration of not being employed in Government/Government Undertakings/Fishermen Co-operative Society.
Declaration certifying that the applicant has no outstanding dues to the Department/Fishermen Co-operative Societies at the time of application.
Proof of Possession of the Registered Mechanized Boat. 
Proof of Insurance of the Boat With an Authorized Insurance Company.",https://fisheries.py.gov.in/sites/default/files/subsidies-application007.pdf,https://www.myscheme.gov.in/schemes/aipbo-faascdmf,23.0,60.0,all,[],,both,"[""Puducherry""]",False,False,2026-07-05 09:38:16.928+00,"""Annual Insurance Premium for Boat Owners"" under ""Financial Assistance for Availing Subsidy Components for the Development of Marine Fisheries"" ""Annual Insurance Premium for Boat Owners"" under ""Financial Assistance for Availing Subsidy Components for the Development of Marine Fisheries"" is introduced to increase marine fish production through subsidies for the annual premiums for insurance coverage paid by the mechanized boat operators. 50% subsidy subject to a maximum of ₹ 20,000 per boat on annual insurance premium. The rate of subsidy/maximum limit may be revised by the Government from time to time. Agriculture,Rural & Environment, Banking,Financial Services and Insurance Individual - The applicant should either belong to the fishermen community or be one of those professionally engaged in fishing/fish trade occupation on a full-time basis/prospective entrepreneurs. - The applicant must have resided in the Union territory of Puducherry for a continuous period of not less than five years at the time of applying for extending subsidies/ grants. - The applicant must have been enrolled as a member of the Fishermen Co-operative Society and be above the age of 23 years and below 60 years. - The applicant must not have been a recipient of Old Age Pension, issued by the department. - The applicant should not be employed in Government/ Government Undertakings/Fishermen Co-operative Society. - The applicant must not have any dues to be paid to the Department/Fishermen Co-operative Societies at the time of making the application. - The applicant should possess a registered mechanized boat. - The applicant should have insured the boat on an annual basis with the authorized insurance company.",1711
beispgccpts,"""Back Ended Investment Subsidy to Paddy Growers"" component of the ""Crop Production Technology"" scheme","""Back Ended Investment Subsidy to Paddy Growers"" component of the ""Crop Production Technology"" scheme was introduced by the Dept of Agriculture and Farmer's Welfare, UT of Puducherry. The paddy farmers residing in the Yanam region are provided a back-ended investment subsidy at ₹4,000/- per hectare.",,"Agriculture Department, Puducherry",Puducherry,"Agriculture,Rural & Environment",Individual,"Back-ended investment subsidy to paddy growers @ ₹4,000/- per hectare.","- The applicant should be a resident/native of Puducherry.
- The applicant should be residing in the Yanam region.
- The applicant should be a Farmer.
- The applicant should possess land holdings.","[Offline]
Step 1: The interested applicant should visit (during office hours) one of the offices given below, and request the hard copy of the prescribed format of the application form from the concerned authority.
Agricultural Officers of the Uzhavar Udhaviyagam.
Office of the Deputy Director of Agriculture, Yanam.
Step 2: In the application form, fill in all the mandatory fields, paste the passport-sized photograph (signed across, if required), and attach copies of all the mandatory documents (self-attest, if required).
Step 3: Submit the duly filled and signed application form and the documents to the concerned authority.
Step 4: On receipt of the application, necessary entries will be made in the application receipt register and a unique number is assigned to the applicant for identifying each applicant which shall be used for all further references and also as acknowledgement for the receipt of the application.

[Online]
Step 1: Visit the Official Website of the e-District Portal of the Government of Puducherry.
Step 2: At the top right corner of the home page, click ""Login"". In the login screen, click ""Register a New Membership"".
Step 3: On the Registration Page, fill in all the mandatory fields: Username, Password, Confirm Password, Personal Details (Full Name, First Name, Email Address, Address, Current Address, Gender, Date of Birth, Mobile Number). Agree to the declaration. Fill in the Captcha Code, and click ""Signup"".
Step 4: Visit the Official Website of the e-District Portal of the Government of Puducherry.
Step 5: At the top right corner of the home page, click ""Login"". In the login screen, provide your Username and Password, fill in the Captcha Code, and click ""Sign In"".
Step 6: On the next screen, a list of schemes by the Government of Puducherry will be displayed Department-wise.
Step 7: Click on the scheme you wish to apply for. You will be taken to its online application form.
Step 8: In the application form, fill in all the mandatory fields (marked with a red asterisk) and upload all the mandatory documents (self-attest if required). 
Step 9: Tick the declaration stating ""I hereby declare that the above-mentioned details are true and correct as per the best of my Knowledge"". Submit the application and note the application number for tracking your application. The application number will also be received on your Registered Mobile Number / Registered Email ID.
*Track Your Application here
* Access the User Manual for Online Application here","Aadhaar Card.
Ration Card.
Applicant's Photo.
Farmer's Identity Card.
Bank Passbook.
FMB (Field Measurement Book).
Residence-cum-Nativity Certificate, issued by the competent authority.",https://agri.py.gov.in/sites/default/files/forms/backendpad.pdf,https://www.myscheme.gov.in/schemes/beispgccpts,,,all,[],,both,"[""Puducherry""]",False,False,2026-07-05 09:38:40.348+00,"""Back Ended Investment Subsidy to Paddy Growers"" component of the ""Crop Production Technology"" scheme ""Back Ended Investment Subsidy to Paddy Growers"" component of the ""Crop Production Technology"" scheme was introduced by the Dept of Agriculture and Farmer's Welfare, UT of Puducherry. The paddy farmers residing in the Yanam region are provided a back-ended investment subsidy at ₹4,000/- per hectare. Back-ended investment subsidy to paddy growers @ ₹4,000/- per hectare. Agriculture,Rural & Environment Individual - The applicant should be a resident/native of Puducherry. - The applicant should be residing in the Yanam region. - The applicant should be a Farmer. - The applicant should possess land holdings.",713
cmmfbdsf-faascdmf,"""Conversion/Modernisation of Mechanised Fishing Boats for Deep Sea Fishing"" under ""Financial Assistance for Availing Subsidy Components for the Development of Marine Fisheries""","The scheme ""Conversion/Modernisation of Mechanised Fishing Boats for Deep Sea Fishing"" is introduced by the Dept of Fisheries and Fishermen Welfare, Govt of Puducherry to increase marine fish production by extending grants for the conversion/modernization of mechanized boats for deep-sea fishing.",,"Fisheries and Fishermen Welfare Department, Puducherry",Puducherry,"Agriculture,Rural & Environment",Individual,"50% subsidy subject to a maximum of ₹ 2,50,000 per boat linked to bank finance.
> ***The rate of subsidy/maximum limit may be revised by the Government from time to time.**","- The applicant should either belong to the fishermen community or be one of those professionally engaged in fishing/fish trade occupation on a full-time basis/prospective entrepreneurs.
- The applicant must have resided in the Union territory of Puducherry for a continuous period of not less than five years at the time of applying for extending subsidies/ grants. 
- The applicant must have been enrolled as a member of the Fishermen Co-operative Society and be above the age of 23 years and below 60 years.
- The applicant must not have been a recipient of Old Age Pension, issued by the department. 
- The applicant should not be employed in Government/ Government Undertakings/Fishermen Co-operative Society. 
- The applicant must not have any dues to be paid to the Department/Fishermen Co-operative Societies at the time of making the application. 
- The mechanized boat should be registered. 
- The hull should be extended above 47 feet of overall length procured and fixed with a new hydraulic winch, steel ropes, global positioning system, echo sounder, inbuilt insulated ice-box, life savings appliances, etc.
- The applicant must have obtained a provisional loan sanction order from the bank.","[Offline]
Step 1: The interested applicant should visit the Office/ Sub-Office of the Department of Fisheries and Fishermen Welfare.
Step 1: The interested applicant should request the hard copy of the prescribed format of the application form from the concerned authority.
Step 2: In the application form, fill in all the mandatory fields, paste the passport-sized photograph (signed across, if required), and attach copies of all the mandatory documents (self-attest, if required).
Step 3: Submit the duly filled and signed application form along with the documents to the concerned authority.
Step 4: Request a receipt or acknowledgment from the concerned authority to whom the application has been submitted. Ensure that the receipt contains essential details such as the date and time of submission, and a unique identification number (if applicable).","Passport Sized Photograph.
Aadhaar Card.
Election Photo Identity Card (for Proof of Identity).
Ration Card (for Proof of Address).
Birth Certificate (for Proof of Age).
Membership Certificate from the President/Administrator of Fishermen/Fisherwoman Co-operative Society (in the case of fishermen).
Document attesting full-time engagement in fishing or fish trade occupation (in the case of Fish Traders).
Residence Certificate indicating a continuous period of not less than five years in the Union territory of Puducherry (from Deputy Tahsildar of the Area of Residence).
Enrollment certificate as a member of the Fishermen Co-operative Society.
Declaration of not being a recipient of Old Age Pension.
Declaration of not being employed in Government/Government Undertakings/Fishermen Co-operative Society.
Declaration certifying that the applicant has no outstanding dues to the Department/Fishermen Co-operative Societies at the time of application.
Proof of possession of a registered mechanized boat.
Specifications of the Hull.
Provisional Loan Sanction Order From the Bank.",https://fisheries.py.gov.in/sites/default/files/subsidies-application007.pdf,https://www.myscheme.gov.in/schemes/cmmfbdsf-faascdmf,23.0,60.0,all,[],,both,"[""Puducherry""]",False,False,2026-07-05 09:38:18.372+00,"""Conversion/Modernisation of Mechanised Fishing Boats for Deep Sea Fishing"" under ""Financial Assistance for Availing Subsidy Components for the Development of Marine Fisheries"" The scheme ""Conversion/Modernisation of Mechanised Fishing Boats for Deep Sea Fishing"" is introduced by the Dept of Fisheries and Fishermen Welfare, Govt of Puducherry to increase marine fish production by extending grants for the conversion/modernization of mechanized boats for deep-sea fishing. 50% subsidy subject to a maximum of ₹ 2,50,000 per boat linked to bank finance. The rate of subsidy/maximum limit may be revised by the Government from time to time. Agriculture,Rural & Environment Individual - The applicant should either belong to the fishermen community or be one of those professionally engaged in fishing/fish trade occupation on a full-time basis/prospective entrepreneurs. - The applicant must have resided in the Union territory of Puducherry for a continuous period of not less than five years at the time of applying for extending subsidies/ grants. - The applicant must have been enrolled as a member of the Fishermen Co-operative Society and be above the age of 23 years and below 60 years. - The applicant must not have been a recipient of Old Age Pension, issued by the department. - The applicant should not be employed in Government/ Government Undertakings/Fishermen Co-operative Society. - The applicant must not have any dues to be paid to the Department/Fishermen Co-operative Societies at the time of making the application. - The mechanized boat should be registered. - The hull should be extended above 47 feet of overall length procured and fixed with a new hydraulic winch, steel ropes, global positioning system, echo sounder, inbuilt insulated ice-box, life savings appliances, etc. - The applicant must have obtained a provisional loan sanction order from the bank.",1884
fgrmb-faascdmf,"""Financial Grant for Reactivation of Mechanised Boats"" under ""Financial Assistance for Availing Subsidy Components for the Development of Marine Fisheries""","The scheme ""Financial Grant for Reactivation of Mechanised Boats"" is introduced by the Govt of Puducherry with the objective of increasing marine fish production by extending financial grants for the reactivation of wooden/steel mechanized boats.",,"Fisheries and Fishermen Welfare Department, Puducherry",Puducherry,"Agriculture,Rural & Environment",Individual,"A financial grant for the reactivation of a registered wooden/steel mechanized boat will be extended at ₹ 10,000 per boat and ₹ 5,000 for a registered fiber-reinforced plastic mechanized boat.
****The grant is subject to revision as and when approved by the Government from time to time.***","- The applicant should either belong to the fishermen community or be one of those professionally engaged in fishing/fish trade occupation on a full-time basis/prospective entrepreneurs.
- The applicant must have resided in the Union territory of Puducherry for a continuous period of not less than five years at the time of applying for extending subsidies/ grants. 
- The applicant must have been enrolled as a member of the Fishermen Co-operative Society and be above the age of 23 years and below 60 years.
- The applicant must not have been a recipient of Old Age Pension, issued by the department. 
- The applicant should not be employed in Government/ Government Undertakings/Fishermen Co-operative Society. 
- The applicant must not have any dues to be paid to the Department/Fishermen Co-operative Societies at the time of making the application.
- The applicant should possess a registered mechanized boat. 
- The applicant should have carried out overhauling/ repairs to the engine/hull during the notified fishing ban period and should not have ventured fishing during the notified ban on fishing periods.","[Offline]
Step 1: The interested applicant should visit the Office/ Sub-Office of the Department of Fisheries and Fishermen Welfare.
Step 1: The interested applicant should request the hard copy of the prescribed format of the application form from the concerned authority.
Step 2: In the application form, fill in all the mandatory fields, paste the passport-sized photograph (signed across, if required), and attach copies of all the mandatory documents (self-attest, if required).
Step 3: Submit the duly filled and signed application form along with the documents to the concerned authority.
Step 4: Request a receipt or acknowledgment from the concerned authority to whom the application has been submitted. Ensure that the receipt contains essential details such as the date and time of submission, and a unique identification number (if applicable).","Passport Sized Photograph.
Aadhaar Card.
Election Photo Identity Card (for Proof of Identity).
Ration Card (for Proof of Address).
Birth Certificate (for Proof of Age).
Membership Certificate from the President/Administrator of Fishermen/Fisherwoman Co-operative Society (in the case of fishermen).
Document attesting full-time engagement in fishing or fish trade occupation (in the case of Fish Traders).
Residence Certificate indicating a continuous period of not less than five years in the Union territory of Puducherry (from Deputy Tahsildar of the Area of Residence).
Enrollment certificate as a member of the Fishermen Co-operative Society.
Declaration of not being a recipient of Old Age Pension.
Declaration of not being employed in Government/Government Undertakings/Fishermen Co-operative Society.
Declaration certifying that the applicant has no outstanding dues to the Department/Fishermen Co-operative Societies at the time of application.
Proof of possession of a registered mechanized boat. 
Proof of overhauling/ repairs to the engine/hull during the notified fishing ban period.
A declaration/affidavit that the applicant has not ventured for fishing during the notified ban on fishing periods.",https://fisheries.py.gov.in/sites/default/files/subsidies-application007.pdf,https://www.myscheme.gov.in/schemes/fgrmb-faascdmf,23.0,60.0,all,[],,both,"[""Puducherry""]",False,False,2026-07-05 09:46:23.16+00,"""Financial Grant for Reactivation of Mechanised Boats"" under ""Financial Assistance for Availing Subsidy Components for the Development of Marine Fisheries"" The scheme ""Financial Grant for Reactivation of Mechanised Boats"" is introduced by the Govt of Puducherry with the objective of increasing marine fish production by extending financial grants for the reactivation of wooden/steel mechanized boats. A financial grant for the reactivation of a registered wooden/steel mechanized boat will be extended at ₹ 10,000 per boat and ₹ 5,000 for a registered fiber-reinforced plastic mechanized boat. The grant is subject to revision as and when approved by the Government from time to time. Agriculture,Rural & Environment Individual - The applicant should either belong to the fishermen community or be one of those professionally engaged in fishing/fish trade occupation on a full-time basis/prospective entrepreneurs. - The applicant must have resided in the Union territory of Puducherry for a continuous period of not less than five years at the time of applying for extending subsidies/ grants. - The applicant must have been enrolled as a member of the Fishermen Co-operative Society and be above the age of 23 years and below 60 years. - The applicant must not have been a recipient of Old Age Pension, issued by the department. - The applicant should not be employed in Government/ Government Undertakings/Fishermen Co-operative Society. - The applicant must not have any dues to be paid to the Department/Fishermen Co-operative Societies at the time of making the application. - The applicant should possess a registered mechanized boat. - The applicant should have carried out overhauling/ repairs to the engine/hull during the notified fishing ban period and should not have ventured fishing during the notified ban on fishing periods.",1843
wrflsncs-fbps,"""Fishing Ban Period Assistance"" under ""Welfare and Relief for Fishermen During Lean Seasons and Natural Calamities Scheme""","The scheme ""Fishing Ban Period Assistance"" under ""Welfare and Relief for Fishermen During Lean Seasons and Natural Calamities Scheme"" is introduced with the objective of assisting fishermen families who are deprived of income during natural calamities and fishing ban periods.",,"Fisheries and Fishermen Welfare Department, Puducherry",Puducherry,"Agriculture,Rural & Environment, Social welfare & Empowerment","Individual, Family",100 kgs. of rice and a cash dole at ₹ 750/- per fishermen&#39;s family during the period of ban on fishing during the year.,"- The applicant should be an ordinarily resident of the Union territory of Puducherry.
- The applicant should be a fisherman.
- The applicant should belong to a group designated to be &quot;Below Poverty Line&quot;.
- *Beneficiary shall also be considered based on the decisions taken periodically by the Governing Body of the Pondicherry Fishermen Welfare and Distress Relief Society.
- The applicant should not be ordinarily residing in any foreign nation during the natural calamity, lean season, or ban on the fishing period for which relief assistance is issued.
- The beneficiary or any other members of the ration card should not be in regular service in the Government/Quasi Government/Government undertakings/Retired Government Pensioner.

*** The benefit under this scheme shall not be denied only on the ground that the head of the family or family member is a recipient of Old Age Pension (OAP);**
*** The benefit under this scheme shall not be restricted on the ground that the fisherman is in possession of mechanized or motorized or traditional fishing boats or is not in possession of the said fishing boats.**","[Offline]
Step 1: The interested applicant should visit the office of the concerned authority i.e. Pondicherry State Fishermen Co-operative Federation Limited, Puducherry/The Karaikal Fishermen Co-operative Marketing Union, Karaikal/The Assistant Director of Fisheries and Fishermen Welfare, Mahe/The Assistant Director of Fisheries and Fishermen Welfare, Yanam of the respective regions. 
Step 1: The interested applicant should request the hard copy of the prescribed format of the application form from the concerned authority.
Step 2: In the application form, fill in all the mandatory fields, paste the passport-sized photograph (signed across, if required), and attach copies of all the mandatory documents (self-attest, if required).
Step 3: Submit the duly filled and signed application form along with the documents to the concerned authority.
Step 4: Request a receipt or acknowledgment from the concerned authority to whom the application has been submitted. Ensure that the receipt contains essential details such as the date and time of submission, and a unique identification number (if applicable).","Aadhar Card
Copy of the First Page of the Passbook of the Bank Account.
Red Ration Card Issued by the Department of Civil Supplies and Consumer Affairs, Puducherry.
Identity Card Issued by the Director of Fisheries and Fishermen Welfare. 
Membership Certificate as Proof Obtained From Fishermen Co-operative Society of the Village Concerned in the Union Territory of Puducherry.",https://fisheries.py.gov.in/sites/default/files/ban-relief-application003.pdf,https://www.myscheme.gov.in/schemes/wrflsncs-fbps,,,all,[],,both,"[""Puducherry""]",False,True,2026-07-05 10:09:05.732+00,"""Fishing Ban Period Assistance"" under ""Welfare and Relief for Fishermen During Lean Seasons and Natural Calamities Scheme"" The scheme ""Fishing Ban Period Assistance"" under ""Welfare and Relief for Fishermen During Lean Seasons and Natural Calamities Scheme"" is introduced with the objective of assisting fishermen families who are deprived of income during natural calamities and fishing ban periods. 100 kgs. of rice and a cash dole at ₹ 750/- per fishermen& 39;s family during the period of ban on fishing during the year. Agriculture,Rural & Environment, Social welfare & Empowerment Individual, Family - The applicant should be an ordinarily resident of the Union territory of Puducherry. - The applicant should be a fisherman. - The applicant should belong to a group designated to be &quot;Below Poverty Line&quot;. - Beneficiary shall also be considered based on the decisions taken periodically by the Governing Body of the Pondicherry Fishermen Welfare and Distress Relief Society. - The applicant should not be ordinarily residing in any foreign nation during the natural calamity, lean season, or ban on the fishing period for which relief assistance is issued. - The beneficiary or any other members of the ration card should not be in regular service in the Government/Quasi Government/Government undertakings/Retired Government Pensioner. The benefit under this scheme shall not be denied only on the ground that the head of the family or family member is a recipient of Old Age Pension (OAP); The benefit under this scheme shall not be restricted on the ground that the fisherman is in possession of mechanized or motorized or traditional fishing boats or is not in possession of the said fishing boats.",1717
gefm-mesifai-sa-msme,"""Green and Eco-Friendly Measures"" under “Motivation of Entrepreneurs to Start Industries and Fiscal Assistance to Industries - State Awards to Micro, Small and Medium Enterprises”","The award for ""Green and Eco-Friendly Measures"" is conferred upon the industries that are green and eco-friendly as per the standards of the Department of Science, Technology and Environment (DSTE), Puducherry. The awardee is given a cash award of ₹2,00,000/- and a citation.",,"Industries and Commerce Department, Puducherry",Puducherry,"Business & Entrepreneurship, Agriculture,Rural & Environment",Business Entity,"Cash Award of ₹2,00,000/- and a Citation.","- The industry should be green and eco-friendly as per the DSTE standards.
- The unit should provide at least 60% of employment to the people of UT of Puducherry of the total employment strength of the industrial units.","[Offline]
The Director of Industries will invite the application for award by wide publicity.
Step 1: The industrial unit should apply for the award in the prescribed form available on the Official Website of the Directorate of Industries and Commerce, Puducherry.
Step 2: In the application form, fill in all the mandatory fields, and attach copies of all the mandatory documents (self-attest, if required).
Step 3: The unit should submit the duly filled and signed application form and the documents to the concerned authority either in person or by post.
Post-Application ProcessStep 1: The applications shall be scrutinised by the Directorate of Industries and Commerce on a merit basis for the grant of state awards will be placed before the award Committee.
Step 2: The Committee for the awards will go into the merits of each case for granting the award.
Step 3: The list of selected enterprises shall be notified and informed by the Director of Industries to the enterprises to receive the awards.","Certification from the Department of Science, Technology and Environment (DSTE), Puducherry for Zero/Minimum Effluent Discharge.
Entrepreneurs Memorandum Part-2 (UAM/ PMT) Registration/ Commencement of Production Certificate.
Any other document, as required by the Award Committee.",https://industry.py.gov.in/sites/default/files/state-award-go.pdf,https://www.myscheme.gov.in/schemes/gefm-mesifai-sa-msme,,,all,[],,both,"[""Puducherry""]",False,False,2026-07-05 10:13:29.558+00,"""Green and Eco-Friendly Measures"" under “Motivation of Entrepreneurs to Start Industries and Fiscal Assistance to Industries - State Awards to Micro, Small and Medium Enterprises” The award for ""Green and Eco-Friendly Measures"" is conferred upon the industries that are green and eco-friendly as per the standards of the Department of Science, Technology and Environment (DSTE), Puducherry. The awardee is given a cash award of ₹2,00,000/- and a citation. Cash Award of ₹2,00,000/- and a Citation. Business & Entrepreneurship, Agriculture,Rural & Environment Business Entity - The industry should be green and eco-friendly as per the DSTE standards. - The unit should provide at least 60% of employment to the people of UT of Puducherry of the total employment strength of the industrial units.",794
wrflsncs-idra,"""Immediate Death Relief Assistance"" under ""Welfare and Relief for Fishermen During Lean Seasons and Natural Calamities Scheme""","The scheme ""Immediate Death Relief Assistance"" is introduced with the objective of extending financial assistance to the fishermen's families to compensate for the loss due to the sudden demise of the breadwinner and to support them financially to run their family.",,"Fisheries and Fishermen Welfare Department, Puducherry",Puducherry,"Agriculture,Rural & Environment, Social welfare & Empowerment","Individual, Family","₹ 1,00,000 as immediate death relief assistance for the family (legal heir) of the deceased fisherman, received within 15 days to 3 months from the date of receipt of the application from the affected family.","- The applicant should be the family (legal heir) of the deceased fisherman.
- The deceased fisherman should have been a resident of the Union territory of Puducherry.
- The deceased fisherman must have lost his/her life while fishing. 
- The deceased fisherman must have been in the age group of 18-60 years.
- The deceased fisherman must not have been a beneficiary of the old age pension scheme. 
- The deceased fisherman should have enrolled as a member of the Fishermen/Fisherwomen Co-operative Society.","[Offline]
Step 1: The interested applicant should visit the office of the concerned authority i.e. the Department of Fisheries and Fishermen Welfare/Sub-Offices of outlying regions in all four regions.
Step 1: The interested applicant should request the hard copy of the prescribed format of the application form from the concerned authority.
Step 2: In the application form, fill in all the mandatory fields, paste the passport-sized photograph (signed across, if required), and attach copies of all the mandatory documents (self-attest, if required).
Step 3: Submit the duly filled and signed application form along with the documents to the concerned authority.
Step 4: Request a receipt or acknowledgment from the concerned authority to whom the application has been submitted. Ensure that the receipt contains essential details such as the date and time of submission, and a unique identification number (if applicable).
*The affected family (legal heir) should apply immediately within 30 days from the date of the event for consideration in case of the death of the fishermen.","Photograph of the Family (Legal Heir) of the Deceased.
Residential Certificate of the Deceased Fishermen.
Proof of Age of the Deceased Fishermen.
Declaration That the Deceased Fisherman Was Not a Beneficiary of the Old Age Pension Scheme. 
Membership Certificate from the President/Administrator of Fishermen/Fisherwoman Co-operative Society. 
‘No Claim’ Certificate in Respect of Financial Assistance Extended by the Revenue Department (to Be Obtained From the Department of Revenue and Disaster Management) for Consideration.
Electoral Identity Card (Attested Copy)
Ration Card (Attested Copy)
Panchayathar’s Letter of Village Concerned
Name, Relationship, and Address of the Legal Heir (Affidavit in ₹ 5 Stamp Paper, Affixing as the Legal Heir Duly Signed in Before a Notary Public).
Death Certificate in Case of Deceased Fishermen.",https://fisheries.py.gov.in/sites/default/files/immediate20relief20notification.pdf,https://www.myscheme.gov.in/schemes/wrflsncs-idra,18.0,60.0,all,[],,both,"[""Puducherry""]",False,False,2026-07-05 10:09:53.375+00,"""Immediate Death Relief Assistance"" under ""Welfare and Relief for Fishermen During Lean Seasons and Natural Calamities Scheme"" The scheme ""Immediate Death Relief Assistance"" is introduced with the objective of extending financial assistance to the fishermen's families to compensate for the loss due to the sudden demise of the breadwinner and to support them financially to run their family. ₹ 1,00,000 as immediate death relief assistance for the family (legal heir) of the deceased fisherman, received within 15 days to 3 months from the date of receipt of the application from the affected family. Agriculture,Rural & Environment, Social welfare & Empowerment Individual, Family - The applicant should be the family (legal heir) of the deceased fisherman. - The deceased fisherman should have been a resident of the Union territory of Puducherry. - The deceased fisherman must have lost his/her life while fishing. - The deceased fisherman must have been in the age group of 18-60 years. - The deceased fisherman must not have been a beneficiary of the old age pension scheme. - The deceased fisherman should have enrolled as a member of the Fishermen/Fisherwomen Co-operative Society.",1189
mmky-iaftufffp,"""Input Assistance to Farmers for Taking up Fish Farming in Farm Ponds"" Component of the ""Mukhyamantri Maschyajibi Kalyan Yojana"" Scheme","The objective of this scheme is to increase the inland fish production, and to enhance the income of farmers in the State though aquaculture. Input assistance is provided to the farmers who have excavated farm ponds under MGNREGA for facilitating the production of fingerling and fish.",,Fisheries and Animal Resources Development Department,Odisha,"Agriculture,Rural & Environment",Family,"- One-day training and awareness programme will be conducted by the District Fisheries Officers for skill up-gradation of the beneficiaries.

<br>

> **Type of Farm Pond with Unit Cost and Pattern of Assistance**

The input assistance towards pisciculture on the unit cost of ₹4,00,000/- hectare shall be given to the farmer as a one-time support at 40% for General Category, and 60% for Scheduled Castes (SC)/ Scheduled Tribes (ST)/Women/Transgender/Person with Disability (PwD) Category of farmers.
<br>

**Model 1**

- Specification of Farm Pond: 20m x 20m
- Seed: 2400
- Feed: 10800
- Other Input: 2800
- Unit Cost (₹): 16000
- Subsidy Assistance (₹)
- General (40%): 6400
- SC/ST/Women/Transgender/PwD (60%): 9600

**Model 2**

- Specification of Farm Pond: 15m x 15m
- Seed: 1350
- Feed: 6075
- Other Input: 1575
- Unit Cost (₹): 9000
- Subsidy Assistance (₹)
- General (40%): 3600
- SC/ST/Women/Transgender/PwD (60%): 5400

**Model 3**

- Specification of Farm Pond: 10m x 10m
- Seed: 600
- Feed: 2700
- Other Input: 700
- Unit Cost (₹): 4000
- Subsidy Assistance (₹)
- General (40%): 1600
- SC/ST/Women/Transgender/PwD (60%): 2400

****Other Inputs include fertiliser, lime, pro/pre/grow biotics, Vit-min mix, disinfectant, medicines, castnet, etc.***
**NOTE 1:** Farmers are free to stock more seed as per their choice for seed raising purpose.
**NOTE 2:** The assistance shall be limited to 0.5 acres of water spread area per beneficiary.
<br>

<br>","1. The applicant should be a resident of Odisha.
1. The applicant must have a bank account in his/her name in Odisha.
1. The farm pond should have been excavated by the applicant.
1. The farm pond should have been excavated under the various Government schemes including Watershed Development Projects &amp; MGNREGA through the Directorate of Soil Conservation &amp; Watershed Development.
1. The farm pond should have a minimum 5 feet water depth.
1. The farm pond should have sufficient water retaining capacity for a minimum 5 months of culture period.
1. While availing subsidy, the beneficiary family will be considered instead of individual member of the family.","[Offline]
Step 1: The applicant should take print of the prescribed format of the application form.
Step 2: In the application form, fill in all the mandatory fields, paste the passport-sized photograph (signed across, if required), and attach copies of all the mandatory documents (self-attest, if required).
Step 3: Submit the duly filled and signed application form along with the documents to the Block Level Office.
Step 4: Request a receipt or acknowledgement from the concerned authority to whom the application has been submitted. Ensure that the receipt contains essential details such as the date and time of submission, and a unique identification number (if applicable).","Aadhaar Card (photocopy).
Identification & Residential Proof (Aadhaar card).
A Mobile Number (Aadhaar linked Mandatory).
First page of Bank Passbook (photocopy).
Land Document.
Caste Certificate. 
The certificate of identity as transgender person issued by the District Magistrate as per ""The Transgender persons (Protection of Rights) Act, 2019 will be accepted for transgender category.
For differently abled persons the certificate of disability issued by certifying authority/ competent authority indicating 40% or more disability as per ""The Rights of Persons with Disabilities Act, 2016 will be acceptable.""",https://fard.odisha.gov.in/sites/default/files/2023-10/5.%20Input%20Assistance%20to%20Farmers%20for%20taking%20up%20Fish%20Farming%20in%20Farm%20Ponds.PDF,https://www.myscheme.gov.in/schemes/mmky-iaftufffp,,,all,[],,both,"[""Odisha""]",False,False,2026-07-05 09:46:42.237+00,"""Input Assistance to Farmers for Taking up Fish Farming in Farm Ponds"" Component of the ""Mukhyamantri Maschyajibi Kalyan Yojana"" Scheme The objective of this scheme is to increase the inland fish production, and to enhance the income of farmers in the State though aquaculture. Input assistance is provided to the farmers who have excavated farm ponds under MGNREGA for facilitating the production of fingerling and fish. - One-day training and awareness programme will be conducted by the District Fisheries Officers for skill up-gradation of the beneficiaries. Type of Farm Pond with Unit Cost and Pattern of Assistance The input assistance towards pisciculture on the unit cost of ₹4,00,000/- hectare shall be given to the farmer as a one-time support at 40% for General Category, and 60% for Scheduled Castes (SC)/ Scheduled Tribes (ST)/Women/Transgender/Person with Disability (PwD) Category of farmers. Model 1 - Specification of Farm Pond: 20m x 20m - Seed: 2400 - Feed: 10800 - Other Input: 2800 - Unit Cost (₹): 16000 - Subsidy Assistance (₹) - General (40%): 6400 - SC/ST/Women/Transgender/PwD (60%): 9600 Model 2 - Specification of Farm Pond: 15m x 15m - Seed: 1350 - Feed: 6075 - Other Input: 1575 - Unit Cost (₹): 9000 - Subsidy Assistance (₹) - General (40%): 3600 - SC/ST/Women/Transgender/PwD (60%): 5400 Model 3 - Specification of Farm Pond: 10m x 10m - Seed: 600 - Feed: 2700 - Other Input: 700 - Unit Cost (₹): 4000 - Subsidy Assistance (₹) - General (40%): 1600 - SC/ST/Women/Transgender/PwD (60%): 2400 Other Inputs include fertiliser, lime, pro/pre/grow biotics, Vit-min mix, disinfectant, medicines, castnet, etc. NOTE 1: Farmers are free to stock more seed as per their choice for seed raising purpose. NOTE 2: The assistance shall be limited to 0.5 acres of water spread area per beneficiary. Agriculture,Rural & Environment Family 1. The applicant should be a resident of Odisha. 1. The applicant must have a bank account in his/her name in Odisha. 1. The farm pond should have been excavated by the applicant. 1. The farm pond should have been excavated under the various Government schemes including Watershed Development Projects &amp; MGNREGA through the Directorate of Soil Conservation &amp; Watershed Development. 1. The farm pond should have a minimum 5 feet water depth. 1. The farm pond should have sufficient water retaining capacity for a minimum 5 months of culture period. 1. While availing subsidy, the beneficiary family will be considered instead of individual member of the family.",2525
ifpisbtcdb,"""Integrated Farming for Productivity Improvement Scheme"" by the Coconut Development Board","Through the “Integrated Farming for Productivity Improvement Scheme"" by the Coconut Development Board, the coconut farmers are provided financial assistance through DBT (Direct Benefit Transfer) mode for the Laying of the Demonstration Plot, and for the Construction of the Organic Manure Unit.",,"Agriculture Department, Puducherry",Puducherry,"Agriculture,Rural & Environment",Individual,"- **Laying of Demonstration Plot (LoDP):** Financial assistance @ ₹ 35,000/‐ Ha in two annual instalments.- **Construction of Organic Manure Unit:** Financial assistance @ ₹ 40,000/‐ to ₹ 60,000/‐ per Unit on Pro‐rata basis. Unit size of 1200 cubic feet to 150 cubic feet (60 x 8 x 2.5 ft to 15 x 5 x 2 ft).- The eligible subsidy amount shall be released to the beneficiary&#39;s account on DBT (Direct Benefit Transfer) mode after obtaining expenditure sanction as per norms.
- The final list of the beneficiaries would be displayed on the notice board of Uzhavar Uthaviyagams.",All categories of coconut farmers with farmer&#39;s identity cards/ authenticated land records/documents are eligible.,"[Offline]
Step 1: The interested applicant should visit (during office hours) the Uzhavar Udhaviyagam (Farmers' Help Centres) or the Office of the Additional Director of Agriculture (Horticulture) and request the hard copy of the prescribed format of the application form from the Agricultural Officer.
Step 2: In the application form, fill in all the mandatory fields, paste the passport-sized photograph (signed across, if required), and attach copies of all the mandatory documents (self-attest, if required).
Step 3: Submit the duly filled and signed application form and the documents to the concerned authority.
Step 4: On receipt of the application, necessary entries will be made in the application receipt register and a unique number is assigned to the applicant for identifying each applicant which shall be used for all further references and also as acknowledgement for the receipt of the application.","In the case of land owners cultivating their land, a copy of the farmer identity card containing the details of survey numbers and the extent of land holding needs to be submitted along with the application form.
If no identity card is issued to the farmer to date a copy of the land document (sale deed/ partition deed/ gift deed or will) needs to be submitted.  
The tenants cultivating lands owned by religious Institutions/Wakfs/Mutts/Trusts/ Municipalities shall produce a letter of consent from the authority of the institutions concerned as prescribed by the Department.
Further, tenants shall produce a cultivation certificate from the land owner or Agriculture Department / Revenue Department who carried out joint verification for the purpose.",https://agri.py.gov.in/sites/default/files/pdf/Horti_Application_Coconut.pdf,https://www.myscheme.gov.in/schemes/ifpisbtcdb,,,all,[],,both,"[""Puducherry""]",False,False,2026-07-05 09:38:27.353+00,"""Integrated Farming for Productivity Improvement Scheme"" by the Coconut Development Board Through the “Integrated Farming for Productivity Improvement Scheme"" by the Coconut Development Board, the coconut farmers are provided financial assistance through DBT (Direct Benefit Transfer) mode for the Laying of the Demonstration Plot, and for the Construction of the Organic Manure Unit. - Laying of Demonstration Plot (LoDP): Financial assistance @ ₹ 35,000/‐ Ha in two annual instalments.- Construction of Organic Manure Unit: Financial assistance @ ₹ 40,000/‐ to ₹ 60,000/‐ per Unit on Pro‐rata basis. Unit size of 1200 cubic feet to 150 cubic feet (60 x 8 x 2.5 ft to 15 x 5 x 2 ft).- The eligible subsidy amount shall be released to the beneficiary& 39;s account on DBT (Direct Benefit Transfer) mode after obtaining expenditure sanction as per norms. - The final list of the beneficiaries would be displayed on the notice board of Uzhavar Uthaviyagams. Agriculture,Rural & Environment Individual All categories of coconut farmers with farmer& 39;s identity cards/ authenticated land records/documents are eligible.",1117
iswc-atisis,"""Interest Subvention on Working Capital"" under the ""Assam Tea Industries Special Incentives Scheme""","The scheme aims to ensure long term financial sustainability of the Tea industry and incentivize Orthodox tea production over Crush, Tear, Curl tea. It provides interest subvention, production subsidies, plant & machinery subsidies, tax holidays to tea plantations and manufacturing units in Assam.",,Finance Department,Assam,"Agriculture,Rural & Environment, Banking,Financial Services and Insurance",Individual,"**Benefit Amount:** Interest subvention of 3% per annum on Working Capital Loan.
**Maximum Claimable Amount:** ₹20,00,000/- per annum per unit (garden).
**Validity Period:** Extended for five years till the end of the Financial Year 2027-28.
**Applicable Financial Years:** 2023-24, 2024-25, 2025-26, 2026-27, and 2027-28.
**Disbursement Mode:** Direct Benefit Transfer as reimbursement.
**Claim Period:** On completion of every financial year.
<br>","**General Eligibility**

- The applicant must be a tea plantation across all sizes
- The applicant must be a tea manufacturing unit manufacturing Crush, Tear, Curl Tea, Orthodox Tea, or Speciality tea including Green tea, Oolong Tea, White tea, Yellow tea and Purple tea
- The applicant must be located entirely in Assam
- The applicant must not have any part of the plantation or manufacturing facility located outside the State of Assam

<br>

**Interest Subvention Specific Eligibility**

- The applicant must have taken loan from a Scheduled Commercial Bank or a Public Financial Institution.
- The applicant must have taken Working Capital Loan for activities directly related to plantation or manufacturing of Tea.
- The applicant must have Working Capital sanctioned or renewed on or after 1st April of the financial year in which claim is to be made (2023-24, 2024-25, 2025-26, 2026-27 and 2027-28).
- The applicant must not have loan accounts declared as Non-Performing Asset as per Reserve Bank of India guidelines on the date of filing claim.
- The applicant must not have availed any interest subsidy under any other scheme.

<br>","[Online]
Registration Process
Step 1: Visit the dedicated portal of ""Assam Tea Industries Special Incentives"" Scheme. Click on the ""New User Registration"" option.
Step 2: In the registration form, fill in basic details including name, mobile number, and email address. Create a username and password following the portal's password policy. Verify your mobile number through one-time password verification. Complete Captcha Code verification. Submit the registration form.
Step 3: Check your registered email for the account activation link. Click on the activation link to activate the account. Log in to the portal using registered credentials.
Step 4: Upload all supporting documents of eligibility in the prescribed format. Fill in complete unit details, including location, type of tea production, and capacity. Submit the unit registration form. Wait for registration approval.
Application Process
Step 1: Log in to the portal using registered credentials. Navigate to the ""Apply for Benefits"" section. Select the scheme component that you intend to apply for.
Step 2: Fill in the prescribed application form with all mandatory fields. Upload all supporting documents as mentioned in the portal. Ensure file formats and file size restrictions are followed as per the portal guidelines. Review all entered information for accuracy.
Step 3: Upload documents in the specified format and size. Ensure all documents are clear and legible. Complete document verification checklist.
Step 4: Review the complete application before submission. Apply online.
*Note down the application reference number. Save a copy of the submitted application form.
*Applicants are strongly encouraged to save a copy of the submitted application, confirmation message, and application reference number for future reference and tracking purposes.
Verification Process
Step 1: Application is automatically routed to the concerned bank Bank verifies the amount of interest at 3%, borrower credentials, loan account classification as Standard, and interest servicing status. The Bank approves the application on the portal.
Step 2: After verification, if claims are found in order, the Commissioner, Industries & Commerce Department forwards claims to the Finance Department. The Finance Department processes the claim for online reimbursement through Direct Benefit Transfer.
Disbursement Process
The Finance Department releases the subsidy amount directly to the beneficiary's bank account. Short Message Service alerts sent for funds disbursement. The beneficiary receives the Direct Benefit Transfer in a registered bank account.
Application Status Tracking
Log in to the portal to check application status. Track application progress through different stages of verification. Receive Short Message Service alerts throughout the process, including registration, fund release, etc.
Important Deadlines
Claim on completion of every financial year.
*For Technical Support, please write to atisis.assam@gmail.com.","Working Capital Loan Sanction Letter
Bank Statement showing Working Capital Loan details
Interest Certificate from a Scheduled Commercial Bank or a Public Financial Institution
Self-Attestation regarding non-availing of interest subsidy under any other scheme
Loan Account Classification Certificate (confirming Non-Performing Asset status)
Tea Plantation or Manufacturing Unit Registration Documents",https://atisis.assam.gov.in/atsisver/pdfView.html?filename=Notification_ATISIS_2020.pdf,https://www.myscheme.gov.in/schemes/iswc-atisis,,,all,[],,both,"[""Assam""]",False,False,2026-07-05 09:56:41.896+00,"""Interest Subvention on Working Capital"" under the ""Assam Tea Industries Special Incentives Scheme"" The scheme aims to ensure long term financial sustainability of the Tea industry and incentivize Orthodox tea production over Crush, Tear, Curl tea. It provides interest subvention, production subsidies, plant & machinery subsidies, tax holidays to tea plantations and manufacturing units in Assam. Benefit Amount: Interest subvention of 3% per annum on Working Capital Loan. Maximum Claimable Amount: ₹20,00,000/- per annum per unit (garden). Validity Period: Extended for five years till the end of the Financial Year 2027-28. Applicable Financial Years: 2023-24, 2024-25, 2025-26, 2026-27, and 2027-28. Disbursement Mode: Direct Benefit Transfer as reimbursement. Claim Period: On completion of every financial year. Agriculture,Rural & Environment, Banking,Financial Services and Insurance Individual General Eligibility - The applicant must be a tea plantation across all sizes - The applicant must be a tea manufacturing unit manufacturing Crush, Tear, Curl Tea, Orthodox Tea, or Speciality tea including Green tea, Oolong Tea, White tea, Yellow tea and Purple tea - The applicant must be located entirely in Assam - The applicant must not have any part of the plantation or manufacturing facility located outside the State of Assam Interest Subvention Specific Eligibility - The applicant must have taken loan from a Scheduled Commercial Bank or a Public Financial Institution. - The applicant must have taken Working Capital Loan for activities directly related to plantation or manufacturing of Tea. - The applicant must have Working Capital sanctioned or renewed on or after 1st April of the financial year in which claim is to be made (2023-24, 2024-25, 2025-26, 2026-27 and 2027-28). - The applicant must not have loan accounts declared as Non-Performing Asset as per Reserve Bank of India guidelines on the date of filing claim. - The applicant must not have availed any interest subsidy under any other scheme.",2024
ostps-atisis,"""Orthodox or Specialty Tea Production Subsidy"" under the ""Assam Tea Industries Special Incentives Scheme""","The scheme aims to ensure long-term financial sustainability of the Tea industry and to incentivize manufacturers to move from Crush, Tear, Curl tea to Orthodox tea production. The scheme is implemented by the Finance Department and the Industries & Commerce Department, Government of Assam.",,Finance Department,Assam,"Agriculture,Rural & Environment, Banking,Financial Services and Insurance",Individual,"**Benefit Amount:** ₹10/- per kilogram for Orthodox tea, Green tea, White tea, Oolong tea, Singhpo tea, Purple Tea, Yellow tea, or other Specialty tea
**Special Rate:** ₹12/- per kilogram for applications of Financial Year 2023-24 only (tea production year 2022-23).
**Validity Period:** Extended from Financial Year 2023-24 to 2027-28.
**Disbursement Mode:** Direct Benefit Transfer as reimbursement.
**Claim Deadline:** Latest by 30th June on completion of every financial year.
**Additional Benefit:** Provided in addition to any other subsidy claimed from the Tea Board of India or any other agency.
<br>","**General Eligibility**

- The applicant must be a tea plantation across all sizes
- The applicant must be a tea manufacturing unit manufacturing Crush, Tear, Curl Tea, Orthodox Tea, or Speciality tea including Green tea, Oolong Tea, White tea, Yellow tea and Purple tea
- The applicant must be located entirely in Assam
- The applicant must not have any part of the plantation or manufacturing facility located outside the State of Assam

<br>

**Production Subsidy Specific Eligibility**

- The applicant must be manufacturing Orthodox tea, Green tea, White tea, Oolong tea, Singhpo tea, Purple Tea, Yellow tea or other Speciality tea (not manufactured through Crush, Tear, Curl process).
- The applicant must have started production on or after 1st of April, 2020.

<br>","[Online]
Registration Process
Step 1: Visit the dedicated portal of ""Assam Tea Industries Special Incentives"" Scheme. Click on the ""New User Registration"" option.
Step 2: In the registration form, fill in basic details including name, mobile number, and email address. Create a username and password following the portal's password policy. Verify your mobile number through one-time password verification. Complete Captcha Code verification. Submit the registration form.
Step 3: Check your registered email for the account activation link. Click on the activation link to activate the account. Log in to the portal using registered credentials.
Step 4: Upload all supporting documents of eligibility in the prescribed format. Fill in complete unit details, including location, type of tea production, and capacity. Submit the unit registration form. Wait for registration approval.
Application Process
Step 1: Log in to the portal using registered credentials. Navigate to the ""Apply for Benefits"" section. Select the scheme component that you intend to apply for.
Step 2: Fill in the prescribed application form with all mandatory fields. Upload all supporting documents as mentioned in the portal. Ensure file formats and file size restrictions are followed as per the portal guidelines. Review all entered information for accuracy.
Step 3: Upload documents in the specified format and size. Ensure all documents are clear and legible. Complete document verification checklist.
Step 4: Review the complete application before submission. Apply online.
*Note down the application reference number. Save a copy of the submitted application form.
*Applicants are strongly encouraged to save a copy of the submitted application, confirmation message, and application reference number for future reference and tracking purposes.
Application Status Tracking
Log in to the portal to check application status. Track application progress through different stages of verification. Receive Short Message Service alerts throughout the process, including registration, fund release, etc.
*For Technical Support, please write to atisis.assam@gmail.com.
Disbursement Process
The Finance Department releases the benefit directly to the beneficiary's bank account. Short Message Service alerts sent for funds disbursement. The beneficiary receives the Direct Benefit Transfer in a registered bank account.","Monthly E-Returns of Tea Production submitted to Tea Board India.
Tea Production Certificate.
Tea Manufacturing License.
Orthodox/Speciality Tea Production Evidence.",https://atisis.assam.gov.in/atsisver/pdfView.html?filename=Notification_ATISIS_2020.pdf,https://www.myscheme.gov.in/schemes/ostps-atisis,,,all,[],,both,"[""Assam""]",False,False,2026-07-05 09:41:48.856+00,"""Orthodox or Specialty Tea Production Subsidy"" under the ""Assam Tea Industries Special Incentives Scheme"" The scheme aims to ensure long-term financial sustainability of the Tea industry and to incentivize manufacturers to move from Crush, Tear, Curl tea to Orthodox tea production. The scheme is implemented by the Finance Department and the Industries & Commerce Department, Government of Assam. Benefit Amount: ₹10/- per kilogram for Orthodox tea, Green tea, White tea, Oolong tea, Singhpo tea, Purple Tea, Yellow tea, or other Specialty tea Special Rate: ₹12/- per kilogram for applications of Financial Year 2023-24 only (tea production year 2022-23). Validity Period: Extended from Financial Year 2023-24 to 2027-28. Disbursement Mode: Direct Benefit Transfer as reimbursement. Claim Deadline: Latest by 30th June on completion of every financial year. Additional Benefit: Provided in addition to any other subsidy claimed from the Tea Board of India or any other agency. Agriculture,Rural & Environment, Banking,Financial Services and Insurance Individual General Eligibility - The applicant must be a tea plantation across all sizes - The applicant must be a tea manufacturing unit manufacturing Crush, Tear, Curl Tea, Orthodox Tea, or Speciality tea including Green tea, Oolong Tea, White tea, Yellow tea and Purple tea - The applicant must be located entirely in Assam - The applicant must not have any part of the plantation or manufacturing facility located outside the State of Assam Production Subsidy Specific Eligibility - The applicant must be manufacturing Orthodox tea, Green tea, White tea, Oolong tea, Singhpo tea, Purple Tea, Yellow tea or other Speciality tea (not manufactured through Crush, Tear, Curl process). - The applicant must have started production on or after 1st of April, 2020.",1813
pccengaes,"""Protected Cultivation"" Component of ""Establishment of New Gardens (Area Expansion)"" Scheme","Through this scheme, the farmers are provided Poly House, Shade Net House (Tubular Structure), Plastic Mulching at subsidised rates for practising Protected Cultivation. In Puducherry, this scheme is implemented by the Department of Agriculture and Farmer's Welfare, Union Territory of Puducherry.",,"Agriculture Department, Puducherry",Puducherry,"Agriculture,Rural & Environment",Individual,"- **Poly House:** Naturally Ventilated system (Tubular structure) – Subsidized Cost of ₹467.50/- per square meter.- **Shade Net House (Tubular Structure):** Subsidized Cost of ₹355/- per square meter. Maximum of 4000 square meters per beneficiary.- **Plastic Mulching:** ₹10,000/- per hectare as a subsidy (maximum of 2 hectares per beneficiary).","- The applicant should be a resident/native of Puducherry.
- The applicant should be a Farmer.","[Offline]
Step 1: The interested applicant should visit (during office hours) the Office of the Additional Director of Agriculture (Horticulture) and request a hard copy of the prescribed format of the application form from the Deputy Director of Agriculture (Horti-NHM).
OR
The interested applicant should take print of the prescribed format of the application form.
Step 2: In the application form, fill in all the mandatory fields, paste the passport-sized photograph (signed across, if required), and attach copies of all the mandatory documents (self-attest, if required).
Step 3: Submit the duly filled and signed application form and the documents to the Deputy Director of Agriculture (Chemistry).
Step 4: On receipt of the application, necessary entries will be made in the application receipt register and a unique number is assigned to the applicant for identifying each applicant which shall be used for all further references and also as acknowledgement for the receipt of the application.","1. Farmer Identity Card.
2. Family Food Ration Card.
3. Voter ID Card.
4. Residence-cum-Nativity Certificate, issued by the Revenue Department.
5. Detailed Project Statement.
6. Soil and Water Test Certificate.
7. Detailed Drawing of the Shade Net/ Green Hut Set Up.
8. Map of Land.
9. Electricity Bill Receipt.",https://agri.py.gov.in/sites/default/files/pdf/Application_Shade_Net.pdf,https://www.myscheme.gov.in/schemes/pccengaes,,,all,[],,both,"[""Puducherry""]",False,False,2026-07-05 09:53:56.648+00,"""Protected Cultivation"" Component of ""Establishment of New Gardens (Area Expansion)"" Scheme Through this scheme, the farmers are provided Poly House, Shade Net House (Tubular Structure), Plastic Mulching at subsidised rates for practising Protected Cultivation. In Puducherry, this scheme is implemented by the Department of Agriculture and Farmer's Welfare, Union Territory of Puducherry. - Poly House: Naturally Ventilated system (Tubular structure) – Subsidized Cost of ₹467.50/- per square meter.- Shade Net House (Tubular Structure): Subsidized Cost of ₹355/- per square meter. Maximum of 4000 square meters per beneficiary.- Plastic Mulching: ₹10,000/- per hectare as a subsidy (maximum of 2 hectares per beneficiary). Agriculture,Rural & Environment Individual - The applicant should be a resident/native of Puducherry. - The applicant should be a Farmer.",862
mmky-rfcs,"""Reactivation Of Fisheries Cooperative Societies"" Component of the ""Mukhyamantri Maschyajibi Kalyan Yojana"" Scheme","The objective of the ""Reactivation Of Fisheries Cooperative Societies"" scheme is to provide a one-time revolving fund of ₹2,00,000/- to each eligible Primary Fishermen Cooperative Society for working capital of the society and improvement of the socio-economic status of the members in the long run.",,Fisheries and Animal Resources Development Department,Odisha,"Agriculture,Rural & Environment",Registered Societies,"A one-time revolving fund of ₹2,00,000/-.","- The applicant should be an active Primary Fisherman Cooperative Society (PFCS).
- The PFCS should have completed at least 1 year from the date of its registration under &quot;The Odisha Cooperative Societies Act-1962&quot;.
- The PFCS should be in working condition.
- The PFCS should not have availed the revolving fund before.
- The PFCS should be conducting Committee of Management meetings and AGB meetings in time as per the OCS Act and Rules framed there under the Bylaws of the Society.
- The PFCS  should have paid the Government lease value of the reservoir/ pond if taken on lease as per the Rules.
- The PFCS should be able to produce last year&#39;s audited balance sheets with Profit Loss accounts of the Society from AGCS-empanelled CA firms/auditors.

<br>","[Offline]
The scheme shall be advertised through the Departmental website, newspapers and wall posters in the District and Block Fisheries Offices across the state.
Step 1: The interested PFCS should take print of the prescribed format of the application form.
Step 2: In the application form, fill in all the mandatory fields, paste the passport-sized photograph (signed across, if required), and attach copies of all the mandatory documents (self-attest, if required).
Step 3: Submit the duly filled and signed application form along with the documents to the District Fisheries Officer of the concerned district.
Step 4: Request a receipt or acknowledgement from the concerned authority to whom the application has been submitted. Ensure that the receipt contains essential details such as the date and time of submission, and a unique identification number (if applicable).","Passport-size photograph of the Secretary of PFCS.
Society Registration Certificate.
Resolution Copy of General Body meeting of PFCS. 
Last one-year Audited Balance Sheet and Profit Loss Account.
Receipt of payment of lease value in case of reservoir-based PFCS/ Riverine PFCS/ Marine PFCS.
Joint Passbook Bank Account Number with IFSC (President and Secretary).
Joint savings account with DFO and its a/c number with IFSC code.
Aadhar copy of the president and secretary of PFCS.",https://fard.odisha.gov.in/sites/default/files/2023-10/6.%20Reactivation%20of%20Primary%20Fisheries%20Cooperative%20Societies.PDF,https://www.myscheme.gov.in/schemes/mmky-rfcs,,,all,[],,both,"[""Odisha""]",False,False,2026-07-05 10:11:46.132+00,"""Reactivation Of Fisheries Cooperative Societies"" Component of the ""Mukhyamantri Maschyajibi Kalyan Yojana"" Scheme The objective of the ""Reactivation Of Fisheries Cooperative Societies"" scheme is to provide a one-time revolving fund of ₹2,00,000/- to each eligible Primary Fishermen Cooperative Society for working capital of the society and improvement of the socio-economic status of the members in the long run. A one-time revolving fund of ₹2,00,000/-. Agriculture,Rural & Environment Registered Societies - The applicant should be an active Primary Fisherman Cooperative Society (PFCS). - The PFCS should have completed at least 1 year from the date of its registration under &quot;The Odisha Cooperative Societies Act-1962&quot;. - The PFCS should be in working condition. - The PFCS should not have availed the revolving fund before. - The PFCS should be conducting Committee of Management meetings and AGB meetings in time as per the OCS Act and Rules framed there under the Bylaws of the Society. - The PFCS should have paid the Government lease value of the reservoir/ pond if taken on lease as per the Rules. - The PFCS should be able to produce last year& 39;s audited balance sheets with Profit Loss accounts of the Society from AGCS-empanelled CA firms/auditors.",1276
scfc-cpt,"""Subsidy for Cultivation of Fodder Crops"" Component of the ""Crop Production Technology"" Scheme","The ""Subsidy for Cultivation of Fodder Crops"" scheme was introduced by the Department of Agriculture and Farmer's Welfare, Union Territory of Puducherry. Through this scheme, cash incentives are distributed to Farmers and Self Help Groups for undertaking fodder cultivation in the Puducherry region.",,"Agriculture Department, Puducherry",Puducherry,"Agriculture,Rural & Environment",Individual,"Cash Incentives @ ₹12,500/hectare.","- The applicant should be a resident/native of Puducherry.
- The applicant should be residing in the Puducherry region.
- The applicant should be a Farmer.
- The applicant should be cultivating fodder in the Puducherry region.","[Offline]
Step 1: The interested applicant should visit (during office hours) one of the offices given below, and request the hard copy of the prescribed format of the application form from the concerned authority.
Agricultural Officers (Uzhavar Udhaviyagam).
Office of the Deputy Director of Agriculture (Inputs), Thattanchavady.
Office of the Deputy Director of Agriculture (T&V), Bahour, Villianur, Madagadipet.
Office of the Joint Director of Agriculture (T&V), Bahour, Villianur.
OR
The interested applicant should take print of the prescribed format of the application form.
Step 2: In the application form, fill in all the mandatory fields, paste the passport-sized photograph (signed across, if required), and attach copies of all the mandatory documents (self-attest, if required).
Step 3: Submit the duly filled and signed application form and the documents to the concerned authority.
Step 4: On receipt of the application, necessary entries will be made in the application receipt register and a unique number is assigned to the applicant for identifying each applicant which shall be used for all further references and also as acknowledgement for the receipt of the application.","Aadhaar Card.
Ration Card.
Applicant's Photo.
Farmer's Identity Card.
Bank Passbook.
FMB (Field Measurement Book).
Residence-cum-Nativity Certificate, issued by the competent authority.",https://agri.py.gov.in/sites/default/files/forms/Fodder.pdf,https://www.myscheme.gov.in/schemes/scfc-cpt,,,all,[],,both,"[""Puducherry""]",False,False,2026-07-05 10:01:30.625+00,"""Subsidy for Cultivation of Fodder Crops"" Component of the ""Crop Production Technology"" Scheme The ""Subsidy for Cultivation of Fodder Crops"" scheme was introduced by the Department of Agriculture and Farmer's Welfare, Union Territory of Puducherry. Through this scheme, cash incentives are distributed to Farmers and Self Help Groups for undertaking fodder cultivation in the Puducherry region. Cash Incentives @ ₹12,500/hectare. Agriculture,Rural & Environment Individual - The applicant should be a resident/native of Puducherry. - The applicant should be residing in the Puducherry region. - The applicant should be a Farmer. - The applicant should be cultivating fodder in the Puducherry region.",699
sostupm-atisis,"""Subsidy for Orthodox & Speciality Tea Unit for Plant & Machinery"" under the ""Assam Tea Industries Special Incentives Scheme""","The scheme aims to ensure long-term financial sustainability of the Tea industry and to incentivize manufacturers to move from Crush, Tear, Curl tea to Orthodox tea production. The scheme is implemented by the Finance Department and the Industries & Commerce Department, Government of Assam.",,Finance Department,Assam,"Agriculture,Rural & Environment, Banking,Financial Services and Insurance",Individual,"**Benefit Amount:** 25% of the cost of Plant &amp; Machinery.
**Maximum Amount:** ₹30,00,000/- or 25% of actual cost, whichever is less.
**Validity Period:** Units starting production on or after 01-04-2020 and before 31-03-2028.
**Claim Period:** Within 12 months of the start of commercial manufacturing activities.
**Disbursement Mode:** Direct Benefit Transfer as reimbursement.
**Post-Selection Condition:** Manufacturing unit shall not sell the machinery before expiry of at least 5 years from start of manufacturing.
<br>","**General Eligibility**

- The applicant must be a tea plantation across all sizes.
- The applicant must be a tea manufacturing unit manufacturing Crush, Tear, Curl Tea, Orthodox Tea, or Speciality tea including Green tea, Oolong Tea, White tea, Yellow tea and Purple tea.
- The applicant must be located entirely in Assam.
- The applicant must not have any part of the plantation or manufacturing facility located outside the State of Assam.

<br>

**Plant &amp; Machinery Subsidy Specific Eligibility**

- The applicant must be manufacturing Orthodox tea, Green tea, White tea, Oolong tea, Singhpo tea, Purple Tea, Yellow tea or other Speciality tea (not manufactured through Crush, Tear, Curl process).
- The applicant must have started production on or after 01-04-2020 and before 31-03-2028.
- The applicant must be either an entirely new unit or an existing unit which has expanded its capacity by creating additional infrastructure for production of Orthodox and Speciality Tea.
- The applicant must use all new machinery (no subsidy available on second hand machinery or parts of a machine).
- The applicant must not have claimed any similar subsidy under any other scheme of the Government of India or the State.

<br>","[Online]
Registration Process
Step 1: Visit the dedicated portal of ""Assam Tea Industries Special Incentives"" Scheme. Click on the ""New User Registration"" option.
Step 2: In the registration form, fill in basic details including name, mobile number, and email address. Create a username and password following the portal's password policy. Verify your mobile number through one-time password verification. Complete Captcha Code verification. Submit the registration form.
Step 3: Check your registered email for the account activation link. Click on the activation link to activate the account. Log in to the portal using registered credentials.
Step 4: Upload all supporting documents of eligibility in the prescribed format. Fill in complete unit details, including location, type of tea production, and capacity. Submit the unit registration form. Wait for registration approval.
Application Process
Step 1: Log in to the portal using registered credentials. Navigate to the ""Apply for Benefits"" section. Select the scheme component that you intend to apply for.
Step 2: Fill in the prescribed application form with all mandatory fields. Upload all supporting documents as mentioned in the portal. Ensure file formats and file size restrictions are followed as per the portal guidelines. Review all entered information for accuracy.
Step 3: Upload documents in the specified format and size. Ensure all documents are clear and legible. Complete document verification checklist.
Step 4: Review the complete application before submission. Apply online.
*Note down the application reference number. Save a copy of the submitted application form.
*Applicants are strongly encouraged to save a copy of the submitted application, confirmation message, and application reference number for future reference and tracking purposes.
Application Status Tracking
Log in to the portal to check application status. Track application progress through different stages of verification. Receive Short Message Service alerts throughout the process, including registration, fund release, etc.
*For Technical Support, please write to atisis.assam@gmail.com.
Disbursement Process
The Finance Department releases the benefit directly to the beneficiary's bank account. Short Message Service alerts sent for funds disbursement. The beneficiary receives the Direct Benefit Transfer in a registered bank account.","Plant & Machinery Purchase Invoice.
Summary of Expenditure incurred on Plant & Machinery.
Commercial Manufacturing Start Date Certificate.
Machinery Installation Certificate.
Undertaking regarding non-claiming of similar subsidy under other schemes.
New Machinery Purchase Certificate.",https://atisis.assam.gov.in/atsisver/pdfView.html?filename=Notification_ATISIS_2020.pdf,https://www.myscheme.gov.in/schemes/sostupm-atisis,,,all,[],,both,"[""Assam""]",False,False,2026-07-05 09:41:55.483+00,"""Subsidy for Orthodox & Speciality Tea Unit for Plant & Machinery"" under the ""Assam Tea Industries Special Incentives Scheme"" The scheme aims to ensure long-term financial sustainability of the Tea industry and to incentivize manufacturers to move from Crush, Tear, Curl tea to Orthodox tea production. The scheme is implemented by the Finance Department and the Industries & Commerce Department, Government of Assam. Benefit Amount: 25% of the cost of Plant &amp; Machinery. Maximum Amount: ₹30,00,000/- or 25% of actual cost, whichever is less. Validity Period: Units starting production on or after 01-04-2020 and before 31-03-2028. Claim Period: Within 12 months of the start of commercial manufacturing activities. Disbursement Mode: Direct Benefit Transfer as reimbursement. Post-Selection Condition: Manufacturing unit shall not sell the machinery before expiry of at least 5 years from start of manufacturing. Agriculture,Rural & Environment, Banking,Financial Services and Insurance Individual General Eligibility - The applicant must be a tea plantation across all sizes. - The applicant must be a tea manufacturing unit manufacturing Crush, Tear, Curl Tea, Orthodox Tea, or Speciality tea including Green tea, Oolong Tea, White tea, Yellow tea and Purple tea. - The applicant must be located entirely in Assam. - The applicant must not have any part of the plantation or manufacturing facility located outside the State of Assam. Plant &amp; Machinery Subsidy Specific Eligibility - The applicant must be manufacturing Orthodox tea, Green tea, White tea, Oolong tea, Singhpo tea, Purple Tea, Yellow tea or other Speciality tea (not manufactured through Crush, Tear, Curl process). - The applicant must have started production on or after 01-04-2020 and before 31-03-2028. - The applicant must be either an entirely new unit or an existing unit which has expanded its capacity by creating additional infrastructure for production of Orthodox and Speciality Tea. - The applicant must use all new machinery (no subsidy available on second hand machinery or parts of a machine). - The applicant must not have claimed any similar subsidy under any other scheme of the Government of India or the State.",2207
spfrpcvwnmpcn-faascdmf,"""Subsidy for the Purchase of Fiber-reinforced Plastic Cattamaran/ Vallam/ Wooden Nava/ Marine Plywood Canoe With Nets"" under ""Financial Assistance for Availing Subsidy Components for the Development of Marine Fisheries""","The scheme ""Subsidy for the Purchase of Fiber-reinforced Plastic Cattamaran/ Vallam/ Wooden Nava/ Marine Plywood Canoe With Nets"" is introduced to increase marine fish production by extending subsidies to the fishermen for the procurement of fiber-reinforced plastic vallam with nets.",,"Fisheries and Fishermen Welfare Department, Puducherry",Puducherry,"Agriculture,Rural & Environment",Individual,"- 50% subsidy subject to a maximum of ₹50,000 per unit in case of fibre-reinforced plastic catamaran and marine plywood canoe with nets, linked to own finance/loan component from National Co-operative Development Corporation/bank.
- 50% subsidy subject to a maximum of ₹1,00,000 per unit in case of fibre-reinforced plastic vallam with nets, linked to own finance/loan component from National Co-operative Development Corporation/bank.
- 50% subsidy subject to a maximum of ₹40,000 per unit in respect of wooden nava with net, linked to own finance/loan component from National Co-operative Development Corporation/bank.
- 50% subsidy to a maximum of ₹5,000 per unit for the procurement of inland catamaran with nets (unit cost ₹10,000).

****The rate of subsidy may be fixed by the Government from time to time.***","- The applicant should either belong to the fishermen community or be one of those professionally engaged in fishing/fish trade occupation on a full-time basis/prospective entrepreneurs.
- The applicant must have resided in the Union territory of Puducherry for a continuous period of not less than five years at the time of applying for extending subsidies/ grants. 
- The applicant must have been enrolled as a member of the Fishermen Co-operative Society and be above the age of 23 years and below 60 years.
- The applicant must not have been a recipient of Old Age Pension, issued by the department. 
- The applicant should not be employed in Government/ Government Undertakings/Fishermen Co-operative Society. 
- The applicant must not have any dues to be paid to the Department/Fishermen Co-operative Societies at the time of making the application. 
- In the case of male applicants, they should possess sea fishing experience in any mechanized or motorized/non-motorized traditional crafts for a minimum period of 5 years, issued by the owners. 
- In the case of women applicants, they should possess five years of fish trade experience issued by the Village Panchayat concerned.
- The applicant should be ready to deposit 50% of the cost of craft and net with the Federation/Marketing Union/the Fishermen Co-operative Societies as per the norms/pattern of assistance modified from time to time.","[Offline]
Step 1: The interested applicant should visit the Office/ Sub-Office of the Department of Fisheries and Fishermen Welfare.
Step 1: The interested applicant should request the hard copy of the prescribed format of the application form from the concerned authority.
Step 2: In the application form, fill in all the mandatory fields, paste the passport-sized photograph (signed across, if required), and attach copies of all the mandatory documents (self-attest, if required).
Step 3: Submit the duly filled and signed application form along with the documents to the concerned authority.
Step 4: Request a receipt or acknowledgment from the concerned authority to whom the application has been submitted. Ensure that the receipt contains essential details such as the date and time of submission, and a unique identification number (if applicable).","Passport Sized Photograph.
Aadhaar Card.
Election Photo Identity Card (for Proof of Identity).
Ration Card (for Proof of Address).
Birth Certificate (for Proof of Age).
Membership Certificate from the President/Administrator of Fishermen/Fisherwoman Co-operative Society (in the case of fishermen).
Document attesting full-time engagement in fishing or fish trade occupation (in the case of Fish Traders).
Residence Certificate indicating a continuous period of not less than five years in the Union territory of Puducherry (from Deputy Tahsildar of the Area of Residence).
Enrollment certificate as a member of the Fishermen Co-operative Society.
Declaration of not being a recipient of Old Age Pension.
Declaration of not being employed in Government/Government Undertakings/Fishermen Co-operative Society.
Declaration certifying that the applicant has no outstanding dues to the Department/Fishermen Co-operative Societies at the time of application.
Proof of Sea Fishing Experience (for male applicants).
Proof of Fishing Trade Experience, issued by the Village Panchayat (for female applicants).
Loan Sanction Orders/Acceptance for Loan Sanction from the Bank/National Co-operative Development Corporation.",https://fisheries.py.gov.in/subsidies-application,https://www.myscheme.gov.in/schemes/spfrpcvwnmpcn-faascdmf,23.0,60.0,all,[],,both,"[""Puducherry""]",False,False,2026-07-05 09:46:24.552+00,"""Subsidy for the Purchase of Fiber-reinforced Plastic Cattamaran/ Vallam/ Wooden Nava/ Marine Plywood Canoe With Nets"" under ""Financial Assistance for Availing Subsidy Components for the Development of Marine Fisheries"" The scheme ""Subsidy for the Purchase of Fiber-reinforced Plastic Cattamaran/ Vallam/ Wooden Nava/ Marine Plywood Canoe With Nets"" is introduced to increase marine fish production by extending subsidies to the fishermen for the procurement of fiber-reinforced plastic vallam with nets. - 50% subsidy subject to a maximum of ₹50,000 per unit in case of fibre-reinforced plastic catamaran and marine plywood canoe with nets, linked to own finance/loan component from National Co-operative Development Corporation/bank. - 50% subsidy subject to a maximum of ₹1,00,000 per unit in case of fibre-reinforced plastic vallam with nets, linked to own finance/loan component from National Co-operative Development Corporation/bank. - 50% subsidy subject to a maximum of ₹40,000 per unit in respect of wooden nava with net, linked to own finance/loan component from National Co-operative Development Corporation/bank. - 50% subsidy to a maximum of ₹5,000 per unit for the procurement of inland catamaran with nets (unit cost ₹10,000). The rate of subsidy may be fixed by the Government from time to time. Agriculture,Rural & Environment Individual - The applicant should either belong to the fishermen community or be one of those professionally engaged in fishing/fish trade occupation on a full-time basis/prospective entrepreneurs. - The applicant must have resided in the Union territory of Puducherry for a continuous period of not less than five years at the time of applying for extending subsidies/ grants. - The applicant must have been enrolled as a member of the Fishermen Co-operative Society and be above the age of 23 years and below 60 years. - The applicant must not have been a recipient of Old Age Pension, issued by the department. - The applicant should not be employed in Government/ Government Undertakings/Fishermen Co-operative Society. - The applicant must not have any dues to be paid to the Department/Fishermen Co-operative Societies at the time of making the application. - In the case of male applicants, they should possess sea fishing experience in any mechanized or motorized/non-motorized traditional crafts for a minimum period of 5 years, issued by the owners. - In the case of women applicants, they should possess five years of fish trade experience issued by the Village Panchayat concerned. - The applicant should be ready to deposit 50% of the cost of craft and net with the Federation/Marketing Union/the Fishermen Co-operative Societies as per the norms/pattern of assistance modified from time to time.",2754
snpsscpts,"""Sugarcane Nursery Premium"" Sub-Scheme of the ""Crop Production Technology"" Scheme","The ""Sugarcane Nursery Premium"" Sub-Scheme of the ""Crop Production Technology"" Scheme is introduced by the Dept of Agriculture and Farmer's Welfare, UT of Puducherry. Through this scheme, the farmers are provided Nursery Premium for Raising Seed Material to Plant One Hectare of Sugarcane.",,"Agriculture Department, Puducherry",Puducherry,"Agriculture,Rural & Environment",Individual,"Nursery Premium for Raising Seed Material to Plant One Hectare of Sugarcane (10 Ares (25 Cents) of Nursery @ ₹4,000/-)","- The applicant should be a resident/native of Puducherry.
- The applicant should be a Farmer.","[Offline]
Step 1: The interested applicant should visit (during office hours) one of the offices given below, and request the hard copy of the prescribed format of the application form from the concerned authority.
Agricultural Officers (Uzhavar Udhaviyagam).
Office of the Deputy Director of Agriculture (Inputs), Thattanchavady.
Office of the Deputy Director of Agriculture (T&V), Bahour, Villianur, Madagadipet.
Office of the Joint Director of Agriculture (T&V), Bahour, Villianur.
Step 2: In the application form, fill in all the mandatory fields, paste the passport-sized photograph (signed across, if required), and attach copies of all the mandatory documents (self-attest, if required).
Step 3: Submit the duly filled and signed application form and the documents to the concerned authority.
Step 4: On receipt of the application, necessary entries will be made in the application receipt register and a unique number is assigned to the applicant for identifying each applicant which shall be used for all further references and also as acknowledgement for the receipt of the application.

[Online]
Step 1: Visit the Official Website of the e-District Portal of the Government of Puducherry.
Step 2: At the top right corner of the home page, click ""Login"". In the login screen, click ""Register a New Membership"".
Step 3: On the Registration Page, fill in all the mandatory fields: Username, Password, Confirm Password, Personal Details (Full Name, First Name, Email Address, Address, Current Address, Gender, Date of Birth, Mobile Number). Agree to the declaration. Fill in the Captcha Code, and click ""Signup"".
Step 4: Visit the Official Website of the e-District Portal of the Government of Puducherry.
Step 5: At the top right corner of the home page, click ""Login"". In the login screen, provide your Username and Password, fill in the Captcha Code, and click ""Sign In"".
Step 6: On the next screen, a list of schemes by the Government of Puducherry will be displayed Department-wise.
Step 7: Click on the scheme you wish to apply for. You will be taken to its online application form.
Step 8: In the application form, fill in all the mandatory fields (marked with a red asterisk) and upload all the mandatory documents (self-attest if required). 
Step 9: Tick the declaration stating ""I hereby declare that the above-mentioned details are true and correct as per the best of my Knowledge"". Submit the application and note the application number for tracking your application. The application number will also be received on your Registered Mobile Number / Registered Email ID.
*Track Your Application here
* Access the User Manual for Online Application here","Aadhaar Card.
Applicant's Photo.
Farmers Identity Card.
Field Measurement Book.
Sugar Mill Payment Report.",https://agri.py.gov.in/sites/default/files/forms/backendsugar.pdf,https://www.myscheme.gov.in/schemes/snpsscpts,,,all,[],,both,"[""Puducherry""]",False,False,2026-07-05 09:54:01.631+00,"""Sugarcane Nursery Premium"" Sub-Scheme of the ""Crop Production Technology"" Scheme The ""Sugarcane Nursery Premium"" Sub-Scheme of the ""Crop Production Technology"" Scheme is introduced by the Dept of Agriculture and Farmer's Welfare, UT of Puducherry. Through this scheme, the farmers are provided Nursery Premium for Raising Seed Material to Plant One Hectare of Sugarcane. Nursery Premium for Raising Seed Material to Plant One Hectare of Sugarcane (10 Ares (25 Cents) of Nursery @ ₹4,000/-) Agriculture,Rural & Environment Individual - The applicant should be a resident/native of Puducherry. - The applicant should be a Farmer.",628
farmer-insurance,₹ 5 Lakh Insurance Cover To Farmers,"Launched on 15 August 2018, the scheme ""₹5 Lakh Insurance Cover for Farmers"" is an Insurance Scheme by the Department of Agriculture, Government of Telangana. This scheme provides ₹5 lakh insurance coverage to all farmers aged between 18 and 60 years.",,Agriculture and Co-operation Department,Telangana,"Agriculture,Rural & Environment, Banking,Financial Services and Insurance",Individual,"1. **Financial Security:** Provides ₹5 lakh insurance coverage to farmers&#39; families in case of the farmer&#39;s death, offering substantial financial assistance.	1. **Inclusive Coverage:** Covers death due to any cause, including natural causes and accidents.	1. **Quick Disbursement:** Ensures compensation is paid to the nominee within 10 days of the farmer&#39;s death.	1. **Zero Cost to Farmers:** Farmers are not required to pay any premium, as the state government bears the entire cost on their behalf.	1. **Wide Beneficiary Base:** Approximately 50 lakh farmers benefit from this scheme annually.","1. The applicant should be a resident farmer of Telangana.
1. The applicant should be aged between 18 and 60 years.","[Offline]
Step 1: The farmers do not need to apply for the scheme, as it is implemented automatically by the Government of Telangana. The state government pays the insurance premium directly to the Life Insurance Corporation of India (LIC) on behalf of the farmers.
Step 2: In case of the farmer’s death, the nominee should approach the Department of Agriculture, Government of Telangana, or the LIC office with the required documents, such as the death certificate and proof of nomination, to initiate the claim process.
Step 3: Submit the documents to the concerned authority and request a receipt or acknowledgement. The claim amount of ₹5 lakh will be processed and disbursed to the nominee within 10 days.
Note: The scheme provides coverage without requiring any payment from the farmers, ensuring ease of access to benefits.","Since the ₹5 Lakh Insurance Cover for Farmers scheme does not require farmers to apply directly, there is no need for the farmers to submit documents for enrollment. The state government automatically covers the premium for eligible farmers.
However, in case of a claim due to the death of a farmer, the following documents are required for the nominee to receive the ₹5 lakh compensation:
Death Certificate of the farmer (issued by a competent authority).
Nominee’s identity proof (Aadhar card, voter ID, etc.).
Proof of Nomination (if applicable).
Farmer’s Aadhaar Card or other identification documents (if needed).
Any other documents as specified by the Life Insurance Corporation of India (LIC) or the Department of Agriculture.",https://gadwal.telangana.gov.in/scheme/rs-5-lakh-insurance-cover-to-farmers/,https://www.myscheme.gov.in/schemes/farmer-insurance,18.0,60.0,all,[],,both,"[""Telangana""]",False,False,2026-07-05 09:37:14.957+00,"₹ 5 Lakh Insurance Cover To Farmers Launched on 15 August 2018, the scheme ""₹5 Lakh Insurance Cover for Farmers"" is an Insurance Scheme by the Department of Agriculture, Government of Telangana. This scheme provides ₹5 lakh insurance coverage to all farmers aged between 18 and 60 years. 1. Financial Security: Provides ₹5 lakh insurance coverage to farmers& 39; families in case of the farmer& 39;s death, offering substantial financial assistance. 1. Inclusive Coverage: Covers death due to any cause, including natural causes and accidents. 1. Quick Disbursement: Ensures compensation is paid to the nominee within 10 days of the farmer& 39;s death. 1. Zero Cost to Farmers: Farmers are not required to pay any premium, as the state government bears the entire cost on their behalf. 1. Wide Beneficiary Base: Approximately 50 lakh farmers benefit from this scheme annually. Agriculture,Rural & Environment, Banking,Financial Services and Insurance Individual 1. The applicant should be a resident farmer of Telangana. 1. The applicant should be aged between 18 and 60 years.",1077
ptpapmh,A Program to Provide 90 Percent Assistance in Planting Material of Horticultural Fruit Crops,This scheme offers 90% financial assistance to farmers for purchasing planting materials of fruit crops to promote horticulture.,,"Agriculture, Farmers Welfare and Cooperation Department",Gujarat,"Agriculture,Rural & Environment",Individual,"- Farmers receive up to 90% financial assistance on the cost of planting materials.
> **Pre-fixed assistance rates per hectare for different crops:**

<br>

Fruit Assistance Mango₹32,000/haSapota (Chiku)₹22,000/haPomegranate₹20,000/haGuava₹16,650/haAonla (Indian Gooseberry)₹5,560/haMandarin / Orange₹5,560/haBer₹2,780/haCoconut₹13,000/ha<br>

> **Note:**

- Only saplings costing up to ₹250/- per unit are eligible for subsidy.
- **For fruit crops and cuttings:** Planting material will have to be purchased from nurseries accredited by NHB/Agricultural University/Horticulture Department.- **For coconut crops:** seedlings prepared from seeds will have to be purchased from nurseries accredited by NHB/Agricultural University/Horticulture Department.-  **For tissue culture:** Planting material (planting) will have to be purchased from tissue labs approved/accredited by DBT, GNFC, GSFC, Tissue Labs of Agricultural University, Government Public Institutions like","1. The applicant must be a farmer.
   1. The applicant must be a resident of Gujarat.
   1. The applicant must purchase planting materials from approved/accredited sources.

<br>","[Online]
Step 1: The applicant may visit and apply online at I-Khedut Portal: https://ikhedut.gujarat.gov.in/
Step 2: On the home page, click on ‘Schemes’ and then click on ‘Agricultural Schemes’.
Step 3: Now select the scheme, click on the ‘Apply’ button and an application page will open.
Step 4: Click on ""Apply New"" button and submit a new application.
Step 5: Click on the ""Update Application"" button to add corrections to the application.
Step 6: Once the application is done, confirm it.
Step 7: Take a print out of the confirmed application.
Step 8: Applicant can also check their Application Status/View/Print/Upload Application details from the below link: https://ikhedut.gujarat.gov.in/public/frm_Applicant_Corner.aspx 
Contact Us: Click here.","7/12 Certificate (land ownership proof).
Aadhaar Card.
Bank Passbook or Cancelled Cheque.",https://ikhedut.gujarat.gov.in/site/iKhedut%202.0%20User%20Manual%20PPT_Gujarati.pdf,https://www.myscheme.gov.in/schemes/ptpapmh,,,all,[],,both,"[""Gujarat""]",False,False,2026-07-05 09:35:44.095+00,"A Program to Provide 90 Percent Assistance in Planting Material of Horticultural Fruit Crops This scheme offers 90% financial assistance to farmers for purchasing planting materials of fruit crops to promote horticulture. - Farmers receive up to 90% financial assistance on the cost of planting materials. Pre-fixed assistance rates per hectare for different crops: Fruit Assistance Mango₹32,000/haSapota (Chiku)₹22,000/haPomegranate₹20,000/haGuava₹16,650/haAonla (Indian Gooseberry)₹5,560/haMandarin / Orange₹5,560/haBer₹2,780/haCoconut₹13,000/ha Note: - Only saplings costing up to ₹250/- per unit are eligible for subsidy. - For fruit crops and cuttings: Planting material will have to be purchased from nurseries accredited by NHB/Agricultural University/Horticulture Department.- For coconut crops: seedlings prepared from seeds will have to be purchased from nurseries accredited by NHB/Agricultural University/Horticulture Department.- For tissue culture: Planting material (planting) will have to be purchased from tissue labs approved/accredited by DBT, GNFC, GSFC, Tissue Labs of Agricultural University, Government Public Institutions like Agriculture,Rural & Environment Individual 1. The applicant must be a farmer. 1. The applicant must be a resident of Gujarat. 1. The applicant must purchase planting materials from approved/accredited sources.",1360
spabem,A Scheme to Provide Assistance for Building E-Market Facilities in Market Committees,"This scheme provides financial assistance to market committees in Gujarat to establish e-market facilities, aligning with the National Agriculture Market Policy for a unified national e-market.",,"Agriculture, Farmers Welfare and Cooperation Department",Gujarat,"Agriculture,Rural & Environment",Registered Societies,"- **Financial Assistance:** ₹1,00,000/- (One Lakh Rupees) per eligible market committee.
<br>

<br>","1. Co-operative Market Committees shall be eligible under this scheme.
   1. The committee must operate within Gujarat.","[Offline]
Step 1: Fill in the application form on plain paper as per the instructions.
Step 2: Attach all required documents.
Step 3: Submit the completed application to the District Registrar for processing.","Proof of cooperative market committee registration.
Details of the proposed e-market facility setup.
Any other documents as required.",https://mariyojana.gujarat.gov.in/Schemeatoz.aspx,https://www.myscheme.gov.in/schemes/spabem,,,all,[],,both,"[""Gujarat""]",False,False,2026-07-05 10:17:38.18+00,"A Scheme to Provide Assistance for Building E-Market Facilities in Market Committees This scheme provides financial assistance to market committees in Gujarat to establish e-market facilities, aligning with the National Agriculture Market Policy for a unified national e-market. - Financial Assistance: ₹1,00,000/- (One Lakh Rupees) per eligible market committee. Agriculture,Rural & Environment Registered Societies 1. Co-operative Market Committees shall be eligible under this scheme. 1. The committee must operate within Gujarat.",533
akckvy,Aaloo Ke Kufri Chipsona-1 Prabhed Ke Kshetra Vistaar Yojana,The scheme aims to increase the production of Kufri Chipsona variety suitable for potato processing in Bihar by expanding its area and to increase the income of farmers by promoting processing.,,Agriculture Department,Bihar,"Agriculture,Rural & Environment",Individual,"- **Affordable High-Quality Seeds:** Farmers will receive Kufri Chipsona-I potato seeds at an estimated price of ₹4,000/- per quintal or the actual seed price, whichever is lower.  - **Financial Assistance:** Total ₹93,863/- per hectare (First year: ₹70,397/- and Second year: ₹23,466/-).
<br>","1. The applicant should be a resident of Bihar.
   1. The applicant should be a farmer.
   1. The applicant must have agricultural land a minimum of 0.25 acres (0.1 ha) and a maximum of 5 acres (2 ha).
   1. The applicant must be registered on the DBT portal.

&amp;lt;br&amp;gt;

&amp;gt; **Note 1:  Beneficiary allocation:**

    - General Category: 78.56%.
    - Scheduled Castes: 20%.
    - Scheduled Tribes: 1.44%.
    - Women Participation: 30%.

&amp;gt; **Note 2:** The benefits of this scheme can be taken by ryot farmers on the basis of land documents and non-ryot farmers on the basis of contract form.

&amp;gt; **Note 3:** Beneficiaries will be selected on first come first serve basis.","[Online]
DBT Registration Process:Step 1: Visit the registration page of the DBT portal. 
Step 2: Select Aadhaar verification type: OTP/ BIO-AUTH/ IRIS.
Step 3: Enter your Aadhaar number and Name as per Aadhaar. Click on “Authentication”.
Step 4: Enter the OTP. Click on “Validate OTP”. 
Step 5: Now confirm the details about the “Kisan Credit Card (KCC)” Details. Click on “Farmer Registration”.
Step 6: In the Registration Page, fill in all the details properly i.e. Farmer details, Land information, Bank account details and click on “Submit”.
Step 7: Validate with OTP. Click on “Register” to generate the Registration Id.
Note:  After 48 hours of registration, farmers can apply for the scheme with the help of 13 digit registration number.
Online Application of the Scheme:Step 1: Visit the official website. 
Step 2: Scroll to bottom and confirm the checkbox. Click on “Proceed to apply”.
Step 3: In the next page select the “Type of Applicant” and enter the “DBT Registration Number of Kisan”. Click on “Get details”.
Step 4: Fill in the required details i.e. Address, Land Details, etc, and upload documents.
Step 5: Confirm the checkbox and then click on “Submit”.
Step 6: An “Application Number” will be generated. Keep this for future reference.
Step 7: Printout of the filled in application also can be taken using the Print option.","For DBT Registration Process:Aadhaar Details (Should be linked with mobile number).
Passport Size Photo.
Farmer details.
Land information.
Bank account.
For the Online Application of the Scheme:Passport Size Photo.
Contract form ( for non-ryot farmers).
Land-ownership/ revenue receipt (If applicable).
Note: If the applicant's name is not clear in the land-ownership/ revenue receipt, it will be mandatory to attach the genealogy along with the land-ownership/ revenue receipt.",https://horticulture.bihar.gov.in/HortMIS/AreaExpansionStateScheme/OnlineAppPotatoKufriChipsona.aspx,https://www.myscheme.gov.in/schemes/akckvy,,,all,[],,both,"[""Bihar""]",False,False,2026-07-05 09:55:41.715+00,"Aaloo Ke Kufri Chipsona-1 Prabhed Ke Kshetra Vistaar Yojana The scheme aims to increase the production of Kufri Chipsona variety suitable for potato processing in Bihar by expanding its area and to increase the income of farmers by promoting processing. - Affordable High-Quality Seeds: Farmers will receive Kufri Chipsona-I potato seeds at an estimated price of ₹4,000/- per quintal or the actual seed price, whichever is lower. - Financial Assistance: Total ₹93,863/- per hectare (First year: ₹70,397/- and Second year: ₹23,466/-). Agriculture,Rural & Environment Individual 1. The applicant should be a resident of Bihar. 1. The applicant should be a farmer. 1. The applicant must have agricultural land a minimum of 0.25 acres (0.1 ha) and a maximum of 5 acres (2 ha). 1. The applicant must be registered on the DBT portal. &amp;lt;br&amp;gt; &amp;gt; Note 1: Beneficiary allocation: - General Category: 78.56%. - Scheduled Castes: 20%. - Scheduled Tribes: 1.44%. - Women Participation: 30%. &amp;gt; Note 2: The benefits of this scheme can be taken by ryot farmers on the basis of land documents and non-ryot farmers on the basis of contract form. &amp;gt; Note 3: Beneficiaries will be selected on first come first serve basis.",1233
avgsy,Acharya Vidyasagar Gau Samvardhan Yojana,"The objective of this scheme is to Increase in milk production, improving the economic status of the beneficiaries, increase in milk production capacity of animals and provide employment opportunities.",,Animal Husbandry Department,Madhya Pradesh,"Agriculture,Rural & Environment",All,"The animal owner can get the plan approved for minimum 5 or more animals and the maximum limit amount of the project is Rs. 10.00 lakhs.
75 percent of the project cost will have to be received through bank loan and the balance amount will have to be arranged in the form of margin money assistance and the beneficiary's own contribution.
Reimbursement of interest on 75 per cent of the unit cost or 5 per cent per annum (maximum Rs. 25,000 per annum) by the beneficiary on the loan availed from the bank, whichever is less, will be done by the department for 7 years. Interest on the remaining interest rate above 5 percent will have to be reimbursed by the beneficiary himself.","- The scheme is applicable to all the registered cow shelters, non-governmental organizations, and individuals who own cows.
- The scheme is only applicable to the indigenous cows that are recognized by the government.
- The cow owners or cow shelters must be registered with the Gau Samvardhan Board to avail the benefits of the scheme.
- The applicant must have a valid Aadhaar card, and the cow must be registered with the Gau Samvardhan Board.
- The cow owners or cow shelters must have a dedicated space for the cows, along with facilities for their feeding, cleaning, and medical care.
- The applicant must have a bank account in the name of the cow shelter or in their individual name.","[Offline]
1)Approval of beneficiaries in Gram Sabha.
2)Approval of beneficiaries approved by Gram Sabha in the meeting of Janpad Panchayat. 
3)After the approval of the Janpad Panchayat, the Deputy Director, Animal Husbandry Department of the district will get the approval by sending the approved case to the bank for approval.","Aadhaar
Land document
Bank details",https://mpdah.gov.in/schemes/view/eWl6N3NIUFc2bzQ3Tjl1UUNyRmRCQT09,https://www.myscheme.gov.in/schemes/avgsy,,,all,[],,both,"[""Madhya Pradesh""]",False,False,2026-07-05 10:18:11.66+00,"Acharya Vidyasagar Gau Samvardhan Yojana The objective of this scheme is to Increase in milk production, improving the economic status of the beneficiaries, increase in milk production capacity of animals and provide employment opportunities. The animal owner can get the plan approved for minimum 5 or more animals and the maximum limit amount of the project is Rs. 10.00 lakhs. 75 percent of the project cost will have to be received through bank loan and the balance amount will have to be arranged in the form of margin money assistance and the beneficiary's own contribution. Reimbursement of interest on 75 per cent of the unit cost or 5 per cent per annum (maximum Rs. 25,000 per annum) by the beneficiary on the loan availed from the bank, whichever is less, will be done by the department for 7 years. Interest on the remaining interest rate above 5 percent will have to be reimbursed by the beneficiary himself. Agriculture,Rural & Environment All - The scheme is applicable to all the registered cow shelters, non-governmental organizations, and individuals who own cows. - The scheme is only applicable to the indigenous cows that are recognized by the government. - The cow owners or cow shelters must be registered with the Gau Samvardhan Board to avail the benefits of the scheme. - The applicant must have a valid Aadhaar card, and the cow must be registered with the Gau Samvardhan Board. - The cow owners or cow shelters must have a dedicated space for the cows, along with facilities for their feeding, cleaning, and medical care. - The applicant must have a bank account in the name of the cow shelter or in their individual name.",1650
aabssobpmbos,Advanced Animal Breeding Scheme (Supply of Breedable Pedigree Murrah Bull on Subsidy),"""Advanced Animal Breeding Scheme (Supply of Breedable Pedigree Murrah Bulls on Subsidy)"" aims to improve cattle breeding by supplying pedigreed breedable Murrah bulls to progressive cattle rearers and trained cow servants. Murrah bulls are provided with a 75% subsidy to animal keepers.",,Animal Husbandry Department,Madhya Pradesh,"Agriculture,Rural & Environment",Individual,"**Subsidized Murrah Bull**

- Total unit cost: ₹62,000
- Bull cost: ₹60,000
- Transportation and insurance: ₹2,000
- Government grant: 75% of total cost
- Beneficiary contribution: 25% of total cost

**Additional Support**

- Transportation assistance included
- Insurance coverage included","1. The applicant should be a progressive cattle breeder or a trained cow-helper.
1. The applicant should be a resident of Madhya Pradesh.
1. The applicant should be willing to maintain and breed the Murrah bull.","[Offline]
Initial Approval by the beneficiaries in Gram Sabha.
Secondary Approval by the Janpad Panchayat for Gram Sabha-approved beneficiaries.
Final Approval by the Agriculture Standing Committee of the District Panchayat.
The interested applicants should contact the nearest Veterinary Officer of the concerned District Incharge of Animal Dispensary / Deputy Director of Veterinary.","Passport-size Photograph
Aadhaar card
Domicile certificate of Madhya Pradesh
Caste certificate 
Samagra ID
Bank account details/Bank Passbook
Other necessary documents if required",https://mpdah.gov.in/schemes/view/MmtKQWJCbTN3VGFXME5sTGw1bkFvUT09,https://www.myscheme.gov.in/schemes/aabssobpmbos,,,all,[],,both,"[""Madhya Pradesh""]",False,False,2026-07-05 09:40:52.485+00,"Advanced Animal Breeding Scheme (Supply of Breedable Pedigree Murrah Bull on Subsidy) ""Advanced Animal Breeding Scheme (Supply of Breedable Pedigree Murrah Bulls on Subsidy)"" aims to improve cattle breeding by supplying pedigreed breedable Murrah bulls to progressive cattle rearers and trained cow servants. Murrah bulls are provided with a 75% subsidy to animal keepers. Subsidized Murrah Bull - Total unit cost: ₹62,000 - Bull cost: ₹60,000 - Transportation and insurance: ₹2,000 - Government grant: 75% of total cost - Beneficiary contribution: 25% of total cost Additional Support - Transportation assistance included - Insurance coverage included Agriculture,Rural & Environment Individual 1. The applicant should be a progressive cattle breeder or a trained cow-helper. 1. The applicant should be a resident of Madhya Pradesh. 1. The applicant should be willing to maintain and breed the Murrah bull.",907
aspie,Afforestation Schemes Providing Incentives And Employment To Tribals In Forest,"This scheme offers grants to unemployed tribals for afforestation work, providing them with incentives and employment opportunities in forest operations.",,Adi Dravidar and Tribal Welfare Department,Tamil Nadu,"Skills & Employment, Agriculture,Rural & Environment",Individual,"- **Incentive:** Financial grants for afforestation activities.  - **Employment:** Employment opportunities in forest management.
&lt;br&gt;","- The beneficiary should be a resident of Tamil Nadu.
- The beneficiary should belong to the Tribal community.
- The beneficiary should be Unemployed.","[Offline]
Step 1: The interested applicant should collect the application form from the office of the District Forest Officer (DFO).
Step 2: In the application form, fill in all the mandatory fields, paste the passport-sized photograph (signed across, if required), and attach copies of all the mandatory documents (self-attest, if required).
Step 3: Submit the duly filled and signed application form along with the documents to the office of the District Forest Officer (DFO).
Step 4: Request a receipt or acknowledgment from the concerned authority to whom the application has been submitted. Ensure that the receipt contains essential details such as the date and time of submission, a unique identification number (if applicable).","Proof of identity (Aadhar card or any other document as directed by the authority).
Identity proof (Aadhar, Voter ID).
Proof of residence in the tribal/forest area.
Unemployment certificate (if applicable).
Community certificate (if applicable).
Any other documents (if required).",https://www.tn.gov.in/scheme/data_view/83087,https://www.myscheme.gov.in/schemes/aspie,,,all,"[""ST""]",,both,"[""Tamil Nadu""]",False,False,2026-07-05 09:32:14.875+00,"Afforestation Schemes Providing Incentives And Employment To Tribals In Forest This scheme offers grants to unemployed tribals for afforestation work, providing them with incentives and employment opportunities in forest operations. - Incentive: Financial grants for afforestation activities. - Employment: Employment opportunities in forest management. &lt;br&gt; Skills & Employment, Agriculture,Rural & Environment Individual - The beneficiary should be a resident of Tamil Nadu. - The beneficiary should belong to the Tribal community. - The beneficiary should be Unemployed.",579
agr2fmsfotscst,AGR 2 (Farm Mechanization) Scheme Of Farmers Other Than SC/ST,"The scheme “AGR 2 (Farm Mechanization) Scheme of Farmers Other Than SC/ST” was started by the Department of Agriculture, Farmers Welfare & Co-operation, Government of Gujarat.",,"Agriculture, Farmers Welfare and Cooperation Department",Gujarat,"Agriculture,Rural & Environment",Individual,"1.	The beneficiary will get financial assistance for the purchase of agricultural equipment/components such as Power Tillers, Rice Transplanter, Self-Propelled Machinery, Tractor/ Power Tiller operated Implements /tools, Electric Motor operated, etc.
2.	Under the scheme, more financial assistance will be given to the Small/Marginal/Women Farmers compared to other farmers.","- The beneficiary should be a permanent resident of Gujarat State.
- Any farmer of Gujarat state other than SC/ST (in 208 talukas where the Submissions on Agricultural Mechanization (SMAM) scheme is not implemented) is eligible under this scheme.
- The beneficiary farmer must purchase from the authorized manufacturer of the included manufacturer in the panels prepared for the purpose of periodic disclosed prize discovery by the Agriculture office/department.","[Online]
Step 01: To avail the benefits of the scheme, the beneficiary has to apply online at I-Khedut Portal. https://ikhedut.gujarat.gov.in/iKhedutPublicScheme/Public/frm_Public_SchemeDetails.aspx
Step 02: Click on “Click here for details” in the Farming Schemes Section.
Step 03: Now, the applicant needs to select the desired scheme component on the portal. (The Apply button will appear automatically in components that are currently accepting applications.)
Step 04: Read the instruction carefully and choose the option ‘Yes’ or ‘No’ for “Are you a registered applicant?” and click on “Click to proceed”.
Step 05: Click on the ""Click to Apply Newly"" button and submit a new application.
Step 06: Click on the ""Click to Update Application"" button to add corrections to the application.
Step 07: Click on ""Click to confirm the application"" and confirm the application. Once the application is done, confirm it. Confirmation is required after saving the application. Only confirmed applications will be considered. Unconfirmed applications will not be considered taken on ikhedut portal.
Step 08: Take a printout of the confirmed application. The applicant has to take a printout of this application and keep it for further reference.
Note 09: For this scheme, the District Agriculture Officer of the concerned district has to be contacted whose information is available on i-khedut portal. https://ikhedut.gujarat.gov.in/Public/frm_Public_Contacts.aspx
Note 01: On-line application is required to be submitted on the portal during the prescribed time.
Note 02: Pre-approval for purchase is given as per the application and you purchase the equipment/materials as per the pre-approval within the stipulated time frame as per the rules, all the supporting evidence mentioned in the pre-approval order and the supporting evidence along with the signed copy of this application have to be submitted along with the assistance proposal.
Note 03: If wrong/incomplete documents are uploaded online by the beneficiary, such application will not be inwarded online. In such circumstances, the beneficiary has to submit the remaining/correct documents to the concerned office within seven days of application.
Note 04: After the application is confirmed, the application will not be updated.
Note 05: The print of the application can be taken only after the application is confirmed.","Government-approved photo ID i.e. Aadhaar Card, Voter ID Card
Basis (evidence) for land (if applicable)
Disability Certificate from Competent Authority (only for disabled) (if applicable)
Ration Card (if applicable)
Bank account details
Beneficiary's Undertaking/Consent For",https://dag.gujarat.gov.in/agr-2-farm-mechanization.htm,https://www.myscheme.gov.in/schemes/agr2fmsfotscst,,,all,[],,both,"[""Gujarat""]",False,False,2026-07-05 09:45:42.486+00,"AGR 2 (Farm Mechanization) Scheme Of Farmers Other Than SC/ST The scheme “AGR 2 (Farm Mechanization) Scheme of Farmers Other Than SC/ST” was started by the Department of Agriculture, Farmers Welfare & Co-operation, Government of Gujarat. 1. The beneficiary will get financial assistance for the purchase of agricultural equipment/components such as Power Tillers, Rice Transplanter, Self-Propelled Machinery, Tractor/ Power Tiller operated Implements /tools, Electric Motor operated, etc. 2. Under the scheme, more financial assistance will be given to the Small/Marginal/Women Farmers compared to other farmers. Agriculture,Rural & Environment Individual - The beneficiary should be a permanent resident of Gujarat State. - Any farmer of Gujarat state other than SC/ST (in 208 talukas where the Submissions on Agricultural Mechanization (SMAM) scheme is not implemented) is eligible under this scheme. - The beneficiary farmer must purchase from the authorized manufacturer of the included manufacturer in the panels prepared for the purpose of periodic disclosed prize discovery by the Agriculture office/department.",1118
agr3fmsstf,AGR 3 (Farm Mechanization) Scheme For ST Farmers,"The scheme “AGR 3 (Farm Mechanization) Scheme for ST Farmers” was started by the Department of Agriculture, Farmers Welfare & Co-operation, Government of Gujarat.",,"Agriculture, Farmers Welfare and Cooperation Department",Gujarat,"Agriculture,Rural & Environment",Individual,"- The beneficiary will get financial assistance for the purchase of agricultural equipment/components such as Plant protection equipment, Tarpaulin, Field Demonstration, Micronutrients, Water carrying pipeline, Agriculture fair, Organic Fertilizer, Pump set, the premium for Farmers 100% Water Soluble Fertilizers, Pesticides, accidental insurance scheme, etc.
- Under the scheme, seeds of more production varieties/Hybrids varieties and fertilizer, etc. will be distributed at a subsidized rate to Adivasi farmers in Tribal Areas (TASP).","- The beneficiary should be a permanent resident of Gujarat State.
- Any farmer of Gujarat State who belongs to the Scheduled Tribe category (in 208 talukas where the SMAM scheme is not implemented) is eligible under this scheme.
- In the areas of Talukas (Blocks) and Districts which are benefited/added under the Agriculture Support Program in Tribal Area Sub Plan &amp;amp; Dispersed Tribes (TASP) can get the benefit of this Scheme.
- The beneficiary farmer must purchase the agricultural equipment from the authorized manufacturer of the included manufacturer in the panels prepared for the purpose of periodic disclosed prize discovery by the Agriculture office/department.","[Online]
Step 01: To avail the benefits of the scheme, the beneficiary has to apply online at I-Khedut Portal. https://ikhedut.gujarat.gov.in/iKhedutPublicScheme/Public/frm_Public_SchemeDetails.aspx
Step 02: Click on “Click here for details” in the Farming Schemes Section.
Step 03: Now, the applicant needs to select the desired scheme component on the portal. (The Apply button will appear automatically in components that are currently accepting applications.)
Step 04: Read the instruction carefully and choose the option ‘Yes’ or ‘No’ for “Are you a registered applicant?” and click on “Click to proceed”.
Step 05: Click on the ""Click to Apply Newly"" button and submit a new application.
Step 06: Click on the ""Click to Update Application"" button to add corrections to the application.
Step 07: Click on ""Click to confirm the application"" and confirm the application. Once the application is done, confirm it. Confirmation is required after saving the application. Only confirmed applications will be considered. Unconfirmed applications will not be considered taken on ikhedut portal.
Step 08: Take a printout of the confirmed application. The applicant has to take a printout of this application and keep it for further reference.
Note 09: For this scheme, the District Agriculture Officer of the concerned district has to be contacted whose information is available on i-khedut portal. https://ikhedut.gujarat.gov.in/Public/frm_Public_Contacts.aspx
Note 01: On-line application is required to be submitted on the portal during the prescribed time.
Note 02: Pre-approval for purchase is given as per the application and you purchase the equipment/materials as per the pre-approval within the stipulated time frame as per the rules, all the supporting evidence mentioned in the pre-approval order and the supporting evidence along with the signed copy of this application have to be submitted along with the assistance proposal.
Note 03: If wrong/incomplete documents are uploaded online by the beneficiary, such application will not be inwarded online. In such circumstances, the beneficiary has to submit the remaining/correct documents to the concerned office within seven days of application.
Note 04: After the application is confirmed, the application will not be updated.
Note 05: The print of the application can be taken only after the application is confirmed.","Government-approved photo ID i.e. Aadhaar Card, Voter ID Card
Basis (evidence) for land (if applicable)
Caste Certificate (by competent authority)
Disability Certificate from Competent Authority (only for disabled) (if applicable)
Ration Card (if applicable)
Bank account details
Beneficiary's Undertaking/Consent Form",https://dag.gujarat.gov.in/agr-3-farm-mechanization.htm,https://www.myscheme.gov.in/schemes/agr3fmsstf,,,all,"[""ST""]",,both,"[""Gujarat""]",False,False,2026-07-05 09:52:56.025+00,"AGR 3 (Farm Mechanization) Scheme For ST Farmers The scheme “AGR 3 (Farm Mechanization) Scheme for ST Farmers” was started by the Department of Agriculture, Farmers Welfare & Co-operation, Government of Gujarat. - The beneficiary will get financial assistance for the purchase of agricultural equipment/components such as Plant protection equipment, Tarpaulin, Field Demonstration, Micronutrients, Water carrying pipeline, Agriculture fair, Organic Fertilizer, Pump set, the premium for Farmers 100% Water Soluble Fertilizers, Pesticides, accidental insurance scheme, etc. - Under the scheme, seeds of more production varieties/Hybrids varieties and fertilizer, etc. will be distributed at a subsidized rate to Adivasi farmers in Tribal Areas (TASP). Agriculture,Rural & Environment Individual - The beneficiary should be a permanent resident of Gujarat State. - Any farmer of Gujarat State who belongs to the Scheduled Tribe category (in 208 talukas where the SMAM scheme is not implemented) is eligible under this scheme. - In the areas of Talukas (Blocks) and Districts which are benefited/added under the Agriculture Support Program in Tribal Area Sub Plan &amp;amp; Dispersed Tribes (TASP) can get the benefit of this Scheme. - The beneficiary farmer must purchase the agricultural equipment from the authorized manufacturer of the included manufacturer in the panels prepared for the purpose of periodic disclosed prize discovery by the Agriculture office/department.",1473
agr4fmsscf,AGR 4 (Farm Mechanization) Scheme For SC Farmers,"The scheme “AGR 4 (Farm Mechanization) Scheme for SC Farmers” was started by the Department of Agriculture, Farmers Welfare & Co-operation, Government of Gujarat.",,"Agriculture, Farmers Welfare and Cooperation Department",Gujarat,"Agriculture,Rural & Environment",Individual,"1.	The beneficiary will get financial assistance for the purchase of agricultural equipment/components such as Power Tillers, Rice Transplanter, Self-Propelled Machinery, Tractor/Power Tiller operated Implements /tools, Electric Motor operated, etc.","- The beneficiary should be a permanent resident of Gujarat State.
- Any farmer of the state belonging to the Scheduled Caste category (in 208 talukas where the SMAM scheme is not implemented) is eligible under this scheme.
- The beneficiary farmer has to purchase from the authorized dealer of the manufacturer included in the panel prepared for the purpose of price discovery announced by the account from time to time.","[Online]
Step 01: To avail the benefits of the scheme, the beneficiary has to apply online at I-Khedut Portal. https://ikhedut.gujarat.gov.in/iKhedutPublicScheme/Public/frm_Public_SchemeDetails.aspx
Step 02: Click on “Click here for details” in the Farming Schemes Section.
Step 03: Now, the applicant needs to select the desired scheme component on the portal. (The Apply button will appear automatically in components that are currently accepting applications.)
Step 04: Read the instruction carefully and choose the option ‘Yes’ or ‘No’ for “Are you a registered applicant?” and click on “Click to proceed”.
Step 05: Click on the ""Click to Apply Newly"" button and submit a new application.
Step 06: Click on the ""Click to Update Application"" button to add corrections to the application.
Step 07: Click on ""Click to confirm the application"" and confirm the application. Once the application is done, confirm it. Confirmation is required after saving the application. Only confirmed applications will be considered. Unconfirmed applications will not be considered taken on ikhedut portal.
Step 08: Take a printout of the confirmed application. The applicant has to take a printout of this application and keep it for further reference.
Note 09: For this scheme, the District Agriculture Officer of the concerned district has to be contacted whose information is available on i-khedut portal. https://ikhedut.gujarat.gov.in/Public/frm_Public_Contacts.aspx
Note 01: On-line application is required to be submitted on the portal during the prescribed time.
Note 02: Pre-approval for purchase is given as per the application and you purchase the equipment/materials as per the pre-approval within the stipulated time frame as per the rules, all the supporting evidence mentioned in the pre-approval order and the supporting evidence along with the signed copy of this application have to be submitted along with the assistance proposal.
Note 03: If wrong/incomplete documents are uploaded online by the beneficiary, such application will not be inwarded online. In such circumstances, the beneficiary has to submit the remaining/correct documents to the concerned office within seven days of application.
Note 04: After the application is confirmed, the application will not be updated.
Note 05: The print of the application can be taken only after the application is confirmed.","Government-approved photo ID i.e. Aadhaar Card
Basis (evidence) for land (if applicable)
Caste Certificate (by competent authority)
Disability Certificate from Competent Authority (only for disabled) (if applicable)
Ration Card (if applicable)
Bank account details
Beneficiary's Undertaking/Consent Form",https://dag.gujarat.gov.in/agr-4-scheme.htm,https://www.myscheme.gov.in/schemes/agr4fmsscf,,,all,"[""SC""]",,both,"[""Gujarat""]",False,False,2026-07-05 09:52:58.459+00,"AGR 4 (Farm Mechanization) Scheme For SC Farmers The scheme “AGR 4 (Farm Mechanization) Scheme for SC Farmers” was started by the Department of Agriculture, Farmers Welfare & Co-operation, Government of Gujarat. 1. The beneficiary will get financial assistance for the purchase of agricultural equipment/components such as Power Tillers, Rice Transplanter, Self-Propelled Machinery, Tractor/Power Tiller operated Implements /tools, Electric Motor operated, etc. Agriculture,Rural & Environment Individual - The beneficiary should be a permanent resident of Gujarat State. - Any farmer of the state belonging to the Scheduled Caste category (in 208 talukas where the SMAM scheme is not implemented) is eligible under this scheme. - The beneficiary farmer has to purchase from the authorized dealer of the manufacturer included in the panel prepared for the purpose of price discovery announced by the account from time to time.",926
scspdsfik,AGR-4 Scheduled Castes Sub-Plan for Distribution of Seeds and Fertilizers Input Kits at Subsidised Rates to Scheduled Caste Cultivators,"The scheme aims to provide subsidised seeds, fertilizers, and organic inputs to Scheduled Caste farmers to improve agricultural productivity.",,"Agriculture, Farmers Welfare and Cooperation Department",Gujarat,"Agriculture,Rural & Environment",Individual,"- **Subsidized Rates:** SC farmers receive essential agricultural inputs like seeds and fertilizers at significantly reduced costs.  - **Access to Quality Inputs:** The scheme ensures farmers have access to high-quality minor and micro-elements, castor cake, neem cake, liquid fermented organic manure, or green manure seeds.  - **Reduced Cultivation Costs:** By providing subsidized inputs, the scheme lowers the overall cost of cultivation, helping to improve the economic viability of farming for SC cultivators.
<br>","- The applicant must be a farmer. 
  - The applicant must be a resident of Gujarat.
  - The applicant must belong to the Scheduled Caste category.

<br>

<br>","[Online]
Registration Process:Step 1: The applicant may visit and apply online at the I-Khedut Portal.
Step 2: Click on 'Login' from the top right-hand side, then click on ""Beneficiary Registration"" and select any one from the 'Farmer' or 'Institutional' or 'Except For the Farmer' as the Beneficiary Type.
Step 3: Select the District, Taluka, and Village, choose 'what type of account holder you are?', enter your Account Number and Name, solve the Captcha, and click 'Save and Next'.
Step 4: Enter your Mobile Number and Email address, click 'Send OTP', enter the received OTP, create and confirm a Password, solve the Captcha, and click 'Submit'.
Login Process: Step 1: The applicant may visit and apply online at the I-Khedut Portal.
Step 2: Click on 'Login' from the top right-hand side of the homepage. On the home page, click on ‘Schemes’ and then click on ‘Agricultural Schemes’.
Step 3: Now select the scheme, click on the ‘Apply’ button, and an application page will open.
Step 4: Click on the ""Apply New"" button and submit a new application.
Step 5: Click on the ""Update Application"" button to add corrections to the application.
Step 6: Once the application is done, confirm it.
Step 7: Take a printout of the confirmed application.
Contact Us: Click here","7/12 Certificate.
Aadhaar Card.
Bank Pass Book/Cancelled Cheque.",https://mariyojana.gujarat.gov.in/Schemeatoz.aspx,https://www.myscheme.gov.in/schemes/scspdsfik,,,all,"[""SC""]",,both,"[""Gujarat""]",False,False,2026-07-05 10:04:40.133+00,"AGR-4 Scheduled Castes Sub-Plan for Distribution of Seeds and Fertilizers Input Kits at Subsidised Rates to Scheduled Caste Cultivators The scheme aims to provide subsidised seeds, fertilizers, and organic inputs to Scheduled Caste farmers to improve agricultural productivity. - Subsidized Rates: SC farmers receive essential agricultural inputs like seeds and fertilizers at significantly reduced costs. - Access to Quality Inputs: The scheme ensures farmers have access to high-quality minor and micro-elements, castor cake, neem cake, liquid fermented organic manure, or green manure seeds. - Reduced Cultivation Costs: By providing subsidized inputs, the scheme lowers the overall cost of cultivation, helping to improve the economic viability of farming for SC cultivators. Agriculture,Rural & Environment Individual - The applicant must be a farmer. - The applicant must be a resident of Gujarat. - The applicant must belong to the Scheduled Caste category.",964
agr50s-apt,AGR-50 Scheme-Assistance To Purchase Tractors,"The scheme “AGR-50 Scheme-Assistance to Purchase Tractors” was started by the Department of Agriculture, Farmers Welfare & Co-operation, Government of Gujarat in the year 2011-12. The scheme was implemented for the farmers to help in buying the tractor in the state.",,"Agriculture, Farmers Welfare and Cooperation Department",Gujarat,"Agriculture,Rural & Environment",Individual,"1.	The financial assistance is given to farmers for the purchase of tractors as below:
    a)	Upto 40 PTO HP Model Tractors: 25% of expense or ₹45,000/-, whichever is less.
    b)	Above 40 PTO HP and up to 60 PTO HP Model Tractors: 25% of expense or ₹60,000/-, whichever is less.","1. The beneficiary should be a permanent resident of Gujarat State.
   1. Any farmer of Gujarat state is eligible under this scheme.
   1. The beneficiary farmer has to purchase the empaneled tractor model of the manufacturer included in the empanelment prepared for the purpose of prize discovery announced by the agriculture department from time to time for tractors from their authorized dealer.","[Online]
Step 01: To avail of the benefits of the scheme, the beneficiary has to apply online at I-Khedut Portal. https://ikhedut.gujarat.gov.in/iKhedutPublicScheme/Public/frm_Public_SchemeDetails.aspx
Step 02: Click on “Click here for details” in Farming Schemes Section.
Step 03: Check the details of the “AGR-50” scheme corresponding to “Tractor-empaneled vendors”.
Step 04: Read the instruction carefully and choose the option ‘Yes’ or ‘No’ for “Are you a registered applicant?” and click on “Click to proceed”.
Step 05: Click on the ""Click to Apply Newly"" button and submit a new application.
Step 06: Click on the ""Click to Update Application"" button to add corrections to the application.
Step 07: Click on ""Click to confirm the application"" and confirm the application. Once the application is done, confirm it. Confirmation is required after saving the application. Only confirmed applications will be considered. Unconfirmed applications will not be considered taken on ikhedut portal.
Step 08: Take a printout of the confirmed application. The applicant has to take a printout of this application and keep it for further reference.
Step 09: For this scheme, the District Agriculture Officer of the concerned district has to be contacted whose information is available on i-khedut portal. https://ikhedut.gujarat.gov.in/Public/frm_Public_Contacts.aspx
Note 01: On-line application is required to be submitted on the portal during the prescribed time.
Note 02: Pre-approval for purchase is given as per the application and you purchase the equipment/materials as per the pre-approval within the stipulated time frame as per the rules, all the supporting evidence mentioned in the pre-approval order and the supporting evidence along with the signed copy of this application have to be submitted along with the assistance proposal.
Note 03: If wrong/incomplete documents are uploaded online by the beneficiary, such application will not be inwarded online. In such circumstances, the beneficiary has to submit the remaining/correct documents to the concerned office within seven days of application.
Note 04: After the application is confirmed, the application will not be updated.
Note 05: The print of the application can be taken only after the application is confirmed.","Government-approved photo ID i.e. Aadhaar Card,
Basis (evidence) for land (if applicable)
Caste Certificate (by competent authority) (if applicable)
Disability Certificate from Competent Authority (only for disabled) (if applicable)
Ration Card 
Bank account details
Beneficiary's Undertaking/Consent Form",https://dag.gujarat.gov.in/agr-50-tractors.htm,https://www.myscheme.gov.in/schemes/agr50s-apt,,,all,[],,both,"[""Gujarat""]",False,False,2026-07-05 09:52:57.234+00,"AGR-50 Scheme-Assistance To Purchase Tractors The scheme “AGR-50 Scheme-Assistance to Purchase Tractors” was started by the Department of Agriculture, Farmers Welfare & Co-operation, Government of Gujarat in the year 2011-12. The scheme was implemented for the farmers to help in buying the tractor in the state. 1. The financial assistance is given to farmers for the purchase of tractors as below: a) Upto 40 PTO HP Model Tractors: 25% of expense or ₹45,000/-, whichever is less. b) Above 40 PTO HP and up to 60 PTO HP Model Tractors: 25% of expense or ₹60,000/-, whichever is less. Agriculture,Rural & Environment Individual 1. The beneficiary should be a permanent resident of Gujarat State. 1. Any farmer of Gujarat state is eligible under this scheme. 1. The beneficiary farmer has to purchase the empaneled tractor model of the manufacturer included in the empanelment prepared for the purpose of prize discovery announced by the agriculture department from time to time for tractors from their authorized dealer.",1020
agrasp,AGR-61 Agro Service Providers for the Purpose of Making Farming More Profitable With the Help of Farm Mechanization,"This scheme has been introduced by the Agriculture, Farmers Welfare and Cooperation Dept., Gujarat. It aims to support farmers in Gujarat by facilitating access to farm implements and mechanization.",,"Agriculture, Farmers Welfare and Cooperation Department",Gujarat,"Agriculture,Rural & Environment","Individual, Joint Liability Groups (JLGS), Self Help Groups (SHGS), Registered Societies","<br>

**Name of the Component****Standard of Assistance (General areas)****Standard of Assistance (Tribal areas)**Agro Service Provider UnitUp to 75% or limited to ₹7,50,000/- (40% in the 1st year, 10% in the 2nd and 3rd years, and 7.5% in the 4th and 5th years)Up to 85% or limited to ₹8,50,000/- (50% in the 1st year, 10% in the 2nd and 3rd years, and 7.5% in the 4th and 5th years)> **Note:** 

- Assistance is available once in a lifetime for eligible applicants.","> **Eligible entities:**

- Primary Agricultural Cooperative Society (PACS)
- Farmer Groups
- Farmer Producer Companies
- Cooperative Institutions
- Self-Help Groups (SHGs) and Sakhi Mandals

> **Eligible Individuals with relevant agricultural education:**

- Diploma in Agriculture
- Graduate in Agriculture
- Postgraduate in Agriculture
- Bachelor of Rural Studies (B.R.S.)

<br>","[Online]
Step 1: The applicant may visit and apply online at I-Khedut Portal: https://ikhedut.gujarat.gov.in/
Step 2: On the home page, click on ‘Schemes’ and then click on ‘Agricultural Schemes’.
Step 3: Now select the scheme, click on the ‘Apply’ button and an application page will open.
Step 4: Click on ""Apply New"" button and submit a new application.
Step 5: Click on the ""Update Application"" button to add corrections to the application.
Step 6: Once the application is done, confirm it.
Step 7: Take a print out of the confirmed application.
Step 8: Applicant can also check their Application Status/View/Print/Upload Application details from the below link: https://ikhedut.gujarat.gov.in/public/frm_Applicant_Corner.aspx 
Contact Us: Click here.","Aadhaar Card
Land Ownership Proof
Bank Passbook
Caste Certificate (if applicable)
Certificate of Educational Qualification (if applicable)
Registration Certificate (for Farmer Groups, SHGs, PACS, etc.)
Any other document as required.",https://dag.gujarat.gov.in/Home/SchemesDetailsPage/6v6SCCcVaKzHbzUn5D4oSg%E2%99%AC%E2%99%AC,https://www.myscheme.gov.in/schemes/agrasp,,,all,[],,both,"[""Gujarat""]",False,False,2026-07-05 10:14:12.418+00,"AGR-61 Agro Service Providers for the Purpose of Making Farming More Profitable With the Help of Farm Mechanization This scheme has been introduced by the Agriculture, Farmers Welfare and Cooperation Dept., Gujarat. It aims to support farmers in Gujarat by facilitating access to farm implements and mechanization. Name of the Component Standard of Assistance (General areas) Standard of Assistance (Tribal areas) Agro Service Provider UnitUp to 75% or limited to ₹7,50,000/- (40% in the 1st year, 10% in the 2nd and 3rd years, and 7.5% in the 4th and 5th years)Up to 85% or limited to ₹8,50,000/- (50% in the 1st year, 10% in the 2nd and 3rd years, and 7.5% in the 4th and 5th years) Note: - Assistance is available once in a lifetime for eligible applicants. Agriculture,Rural & Environment Individual, Joint Liability Groups (JLGS), Self Help Groups (SHGS), Registered Societies Eligible entities: - Primary Agricultural Cooperative Society (PACS) - Farmer Groups - Farmer Producer Companies - Cooperative Institutions - Self-Help Groups (SHGs) and Sakhi Mandals Eligible Individuals with relevant agricultural education: - Diploma in Agriculture - Graduate in Agriculture - Postgraduate in Agriculture - Bachelor of Rural Studies (B.R.S.)",1242
acandabc,Agri-Clinics And Agri-Business Centres Scheme,"A welfare scheme by the Ministry of Agriculture and Farmers' Welfare was launched in 2002. AC&ABC aims at agricultural development, supplementing the efforts of public extension by providing extension and other services to farmers either on a payment basis or free of cost as per the business model.",Ministry Of Agriculture and Farmers Welfare,Department of Agriculture Research and Education,Central,"Agriculture,Rural & Environment, Business & Entrepreneurship, Skills & Employment",Individual,"- 44% of the project cost will be as a composite subsidy for women, SC/ST &amp; all categories of candidates from NE and Hill states and 36% of the project cost for all others.
- Graduates from agriculture studies background will be given free of cost training if they wish to set-up centers.
- National Institute of Agricultural Extension Management (MANAGE) will be responsible for providing training to eligible candidates, through Nodal Training Institutes (NTIs) and motivating them for setting up of Agri-Clinics and Agri-Business Centers.
- Ceiling of project cost for subsidy is ₹20,00,000/- for an individual project (₹25,00,000/- in case of extremely successful individual projects) and up to ₹100 lakhs for a group project (established by a group comprising at least 5 trained persons under the scheme).
- The scheme tends to promote better farmina methods and to suprment and entrepreneurship, as well as use trained professionals to develop the agriculture sector

> **Agri-Clinics:** 

Agri-Clinics provide expert advice and services to farmers for soil health, cropping practices, plant protection, crop insurance, post-harvest technologies, as well as offers clinical services for animals,feed and fodder management, prices of various crops in the market, etc.
> **Agri-Business Centers:** 

Agri-Business Centers are units of Agri-ventures established by unemployed trained agriculture professionals, including maintenance and custom hiring of farm equipment, sale of inputs and other services in agriculture and allied areas.
> **Project activities:**

1. Extension consultancy services
1. Soil and water quality cum inputs testing laboratories (with Atomic Absorption Spectrophotometers)
1. Pest surveillance, diagnostic and control services
1. Maintenance, repairs, and custom hiring of agricultural implements and machinery including micro-irrigation systems (sprinkler and drip)
1. Agri Service Centres include the three activities mentioned above (Group Activity).
1. Seed Processing Units
1. Micro-propagation through Plant Tissue Culture Labs and Hardening Units
1. Setting up of Vermiculture units, production of bio-fertilizers, bio-pesticides, and bio-control agents.
1. Setting up of Apiaries (bee-keeping) and honey &amp; bee products&#39; processing units
1. Provision of Extension Consultancy Services
1. Hatcheries and production of fish fingerlings for aquaculture
1. Provision of livestock health cover, setting up veterinary dispensaries &amp; services including frozen semen banks and liquid nitrogen supply
1. Setting up of Information Technology Kiosks in rural areas for access to various agriculture-related portals
1. Feed Processing and testing units
1. Value Addition Centres
1. Setting up of Cool Chain from the farm level onwards (Group Activity)
1. Retail marketing outlets for processed agri-products
1. Rural marketing dealerships of farm inputs and outputs

<br>","1. The age of the applicant must be between 18 and 60 years.
1. The applicant must qualify as one of the following -

- Graduates in agriculture and allied subjects from SAUs/ Central Agricultural Universities/ Universities recognized by ICAR/ UGC. Degree in Agriculture and allied subjects offered by other agencies are also considered subject to the approval of the Department of Agriculture &amp; Cooperation, Government of India on the recommendation of the State Government.
- Diploma (with at least 50% marks)/ Post Graduate Diploma holders in Agriculture and allied subjects from State Agricultural Universities, State Agriculture and Allied Departments, and State Department of Technical Education.
- Diplomas in Agriculture and allied subjects offered by other agencies are also considered subject to the approval of the Department of Agriculture &amp; Cooperation, Government of India on the recommendation of the State Government.
- Biological Science Graduates with Post Graduation in Agriculture &amp; allied subjects.
- Degree courses recognized by UGC have more than 60 percent of the course content in Agriculture and allied subjects.
- Diploma/Post-graduate Diploma courses with more than 60 percent of course content in Agriculture and allied subjects, after B.Sc. with Biological Sciences, from recognized colleges and universities.
- Agriculture-related courses at intermediate (i.e. plus two) level, with at least 55% marks.","[Online]
Step 1: Visit the official website of the scheme.  
Step 2: Fill in the mandatory fields correctly. Upload the required documents in the said format and size.
Step 3: Click ""Submit"" to complete the application process.
Track Application StatusStep 1: The applicant can check his/her application status by visiting this link.
Step 2: Fill Applicant ID/Mobile Number/Aadhaar Number
Step 3: Submit the details and check the status
Note:The applicant applies the scheme through the Jansamarth portal.","1. Applicant Aadhaar Number.
2. Email ID.
3. Latest Educational Qualification.
4. Applicant's Bank Account Details.
5. Applicant photo
Till such time as Aadhaar is assigned to an individual, she/he can avail the benefit of the scheme on the production of the following documents: Aadhaar enrolment ID slip/ Copy of request for Aadhaar enrolment and Voter Identity Card/ PAN/ Passport/ Ration Card/ Employee Government ID/ Passbook of Bank or Post Office/ MGNREGS Card/ Kisan Photo Passport/ Driving Licenses/ any other document as specified by State/ UT.",https://www.nabard.org/auth/writereaddata/File/ACABC%20-%20Revised%20guidelines.pdf,https://www.myscheme.gov.in/schemes/acandabc,18.0,60.0,all,[],,both,"[""All""]",False,False,2026-07-05 09:44:43.157+00,"Agri-Clinics And Agri-Business Centres Scheme A welfare scheme by the Ministry of Agriculture and Farmers' Welfare was launched in 2002. AC&ABC aims at agricultural development, supplementing the efforts of public extension by providing extension and other services to farmers either on a payment basis or free of cost as per the business model. - 44% of the project cost will be as a composite subsidy for women, SC/ST &amp; all categories of candidates from NE and Hill states and 36% of the project cost for all others. - Graduates from agriculture studies background will be given free of cost training if they wish to set-up centers. - National Institute of Agricultural Extension Management (MANAGE) will be responsible for providing training to eligible candidates, through Nodal Training Institutes (NTIs) and motivating them for setting up of Agri-Clinics and Agri-Business Centers. - Ceiling of project cost for subsidy is ₹20,00,000/- for an individual project (₹25,00,000/- in case of extremely successful individual projects) and up to ₹100 lakhs for a group project (established by a group comprising at least 5 trained persons under the scheme). - The scheme tends to promote better farmina methods and to suprment and entrepreneurship, as well as use trained professionals to develop the agriculture sector Agri-Clinics: Agri-Clinics provide expert advice and services to farmers for soil health, cropping practices, plant protection, crop insurance, post-harvest technologies, as well as offers clinical services for animals,feed and fodder management, prices of various crops in the market, etc. Agri-Business Centers: Agri-Business Centers are units of Agri-ventures established by unemployed trained agriculture professionals, including maintenance and custom hiring of farm equipment, sale of inputs and other services in agriculture and allied areas. Project activities: 1. Extension consultancy services 1. Soil and water quality cum inputs testing laboratories (with Atomic Absorption Spectrophotometers) 1. Pest surveillance, diagnostic and control services 1. Maintenance, repairs, and custom hiring of agricultural implements and machinery including micro-irrigation systems (sprinkler and drip) 1. Agri Service Centres include the three activities mentioned above (Group Activity). 1. Seed Processing Units 1. Micro-propagation through Plant Tissue Culture Labs and Hardening Units 1. Setting up of Vermiculture units, production of bio-fertilizers, bio-pesticides, and bio-control agents. 1. Setting up of Apiaries (bee-keeping) and honey &amp; bee products& 39; processing units 1. Provision of Extension Consultancy Services 1. Hatcheries and production of fish fingerlings for aquaculture 1. Provision of livestock health cover, setting up veterinary dispensaries &amp; services including frozen semen banks and liquid nitrogen supply 1. Setting up of Information Technology Kiosks in rural areas for access to various agriculture-related portals 1. Feed Processing and testing units 1. Value Addition Centres 1. Setting up of Cool Chain from the farm level onwards (Group Activity) 1. Retail marketing outlets for processed agri-products 1. Rural marketing dealerships of farm inputs and outputs Agriculture,Rural & Environment, Business & Entrepreneurship, Skills & Employment Individual 1. The age of the applicant must be between 18 and 60 years. 1. The applicant must qualify as one of the following - - Graduates in agriculture and allied subjects from SAUs/ Central Agricultural Universities/ Universities recognized by ICAR/ UGC. Degree in Agriculture and allied subjects offered by other agencies are also considered subject to the approval of the Department of Agriculture &amp; Cooperation, Government of India on the recommendation of the State Government. - Diploma (with at least 50% marks)/ Post Graduate Diploma holders in Agriculture and allied subjects from State Agricultural Universities, State Agriculture and Allied Departments, and State Department of Technical Education. - Diplomas in Agriculture and allied subjects offered by other agencies are also considered subject to the approval of the Department of Agriculture &amp; Cooperation, Government of India on the recommendation of the State Government. - Biological Science Graduates with Post Graduation in Agriculture &amp; allied subjects. - Degree courses recognized by UGC have more than 60 percent of the course content in Agriculture and allied subjects. - Diploma/Post-graduate Diploma courses with more than 60 percent of course content in Agriculture and allied subjects, after B.Sc. with Biological Sciences, from recognized colleges and universities. - Agriculture-related courses at intermediate (i.e. plus two) level, with at least 55% marks.",4766
aapd,Agricultural Activities for Persons with Disabilities,"This scheme provides loans up to ₹10,00,000/- to the persons with disabilities for agricultural production, irrigation, horticulture, sericulture, the purchase of agricultural machinery and equipment for agricultural services, and the marketing of agricultural products etc.",,Welfare of Scheduled Caste & Backward Classes Department,Haryana,"Agriculture,Rural & Environment, Business & Entrepreneurship",Individual,"1. Under this scheme, loans up to ₹10,00,000/- are provided to persons with disabilities for agricultural production, irrigation, horticulture, sericulture, purchasing agricultural machinery/equipment for agricultural services, marketing agricultural products, etc.","1. The applicant should be a permanent resident of Haryana.
   1. The applicant should have a disability of at least 40%.
   1. The applicant should be above 18 years old. For persons with mental retardation, the age requirement is relaxed to 14 years instead of the usual 18 years.","[Online]
Registration Process on Antyodaya-SARAL Portal:Step 01: The eligible applicant may apply online through the Official Portal- Antyodaya-SARAL Portal. 
Step 02: If the applicant is not registered on the portal, he/she gets registered there. 
Step 03: For registration, click “New User” under ‘Sign In Here’ and fill in all the mandatory details i.e. Name, Email ID, Mobile Number, Password & State. Click on ‘Submit’.
Step 04: Verify your mobile number and email ID through the received OTP and complete the registration process.
Login to apply for the scheme:Step 01: To avail the benefits of the scheme, visit the Official Antyodaya-SARAL Portal and log in through the email ID used while registering.
Step 02: Enter Password & Captcha and click on ‘Login’.
Step 03: After successful login, click on ‘Apply for Services’ and then ‘View all Available Services’
Step 04: Now, you can search for the scheme and click on the scheme to go ahead and fill out the application form.
Step 05: Fill in all the mandatory details and upload all the mandatory documents.
Step 06: Preview the application form and click on ‘Submit’.
Tracking of Application:Applicants can track their applications through the Official Antyodaya-SARAL Portal by entering their Department Name, Scheme Name, and Application Reference ID.","Identity proof i.e. Aadhaar Card
Proof of age
Haryana Domicile Certificate
Ration Card
Caste/Religion Proof 
Disability Certificate
Passport-size photograph of the applicant
Bank account details
Any other documents as required",https://kms.saralharyana.nic.in/ViewDoc?Id=Zo1BN3bFml3OfYJUOzJvwg%3d%3d,https://www.myscheme.gov.in/schemes/aapd,18.0,,all,[],,both,"[""Haryana""]",True,False,2026-07-05 09:31:38.138+00,"Agricultural Activities for Persons with Disabilities This scheme provides loans up to ₹10,00,000/- to the persons with disabilities for agricultural production, irrigation, horticulture, sericulture, the purchase of agricultural machinery and equipment for agricultural services, and the marketing of agricultural products etc. 1. Under this scheme, loans up to ₹10,00,000/- are provided to persons with disabilities for agricultural production, irrigation, horticulture, sericulture, purchasing agricultural machinery/equipment for agricultural services, marketing agricultural products, etc. Agriculture,Rural & Environment, Business & Entrepreneurship Individual 1. The applicant should be a permanent resident of Haryana. 1. The applicant should have a disability of at least 40%. 1. The applicant should be above 18 years old. For persons with mental retardation, the age requirement is relaxed to 14 years instead of the usual 18 years.",943
ae,Agricultural Extension,"Extension Division endeavours towards successful implementation of Agricultural Extension activities. Through its various programmes, schemes and activities, Extension Division helps farmers to get information regarding scientific research and new knowledge in agricultural practices.",Ministry Of Agriculture and Farmers Welfare,Department of Agriculture Research and Education,Central,"Agriculture,Rural & Environment",Individual,"- To supplement efforts of public extension by necessarily providing extension and other services to the farmers on a payment basis or free of cost as per the business model of agri-preneur, local needs and affordability of the target group of farmers. 
- To support agricultural development
- To create gainful self-employment opportunities for unemployed agricultural graduates, agricultural diploma holders, intermediate in agriculture and biological science graduates, with PG in agri-related courses

<br>","1. The scheme is open to the following categories of candidates of the age group of 18 to 60 years.
1. Graduates in agriculture and allied subjects like Horticulture, Sericulture, Dairy, Animal Husbandry, Fisheries, Home/ Community Sciences, Biotechnology, Agricultural Engineering, Forestry, Food Technology, Food Nutrition, and Dietetics, etc, from SAUs/ Central Agricultural Universities/ Universities and graduates in Environmental Science, Botany, Zoology and Chemistry recognized by ICAR/ UGC. Degrees in Agriculture and allied subjects offered by other agencies are also considered subject to the approval of the Department of Agriculture &amp; Cooperation, Government of India on the recommendation of the State Government.
1. Diploma (with at least 50% marks)/ Post Graduate Diploma holders in Agriculture and allied subjects (as in para 3.1) from State Agricultural Universities, State Agriculture and Allied Departments and the State Department of Technical Education. Diplomas in Agriculture and allied subjects offered by other agencies (autonomous bodies, UGC affiliated universities, etc.) are also considered subject to the approval of the Department of Agriculture  &amp; Cooperation, Government of India on the recommendation of the State Government.
1. Post Graduation in Agriculture &amp; allied subjects.
1. Degree courses recognized by UGC have more than 60 percent of the course content in Agriculture and allied subjects 3.5. 
1. Diploma/ Post-graduate Diploma courses with more than 60 percent of course content in Agriculture and allied subjects after B.Sc. in Biological Sciences from  recognized  colleges  and universities,
1.  Agriculture-related courses at the intermediate (i.e. plus two)  level, with at least 55% marks,  
1. The scheme covers full financial support for training and handholding, provision of loans, and credit-linked back-ended composite subsidy. 

<br>","[Offline]
Check the training advertisement released by the Nodal Training Institute (NTI) and ensure eligibility under the scheme.
Register online through the AC&ABC portal and submit the application form with the required details.
Upload or provide Aadhaar details. If Aadhaar is not available, submit the Aadhaar enrolment slip along with a valid identity document.
Attend the selection process and training programme conducted by the designated Nodal Training Institute.
Complete the training successfully and prepare an agri-business project proposal.
Apply for financial assistance and other scheme benefits through the prescribed process after approval of the project.","Aadhar enrollment ID  slip/  Copy of request for  Aadhaar enrolment.
Voter  Identity  Card.
PAN.
Passport.
Ration  Card.
Employee Government  ID.
Passbook of  Bank or  Post Office.
 Driving  Licences.
Any other document as specified by  State/ UT.",https://www.iari.res.in/en/introduction.php?div_id=4,https://www.myscheme.gov.in/schemes/ae,18.0,60.0,all,[],,both,"[""All""]",False,False,2026-07-05 09:52:19.757+00,"Agricultural Extension Extension Division endeavours towards successful implementation of Agricultural Extension activities. Through its various programmes, schemes and activities, Extension Division helps farmers to get information regarding scientific research and new knowledge in agricultural practices. - To supplement efforts of public extension by necessarily providing extension and other services to the farmers on a payment basis or free of cost as per the business model of agri-preneur, local needs and affordability of the target group of farmers. - To support agricultural development - To create gainful self-employment opportunities for unemployed agricultural graduates, agricultural diploma holders, intermediate in agriculture and biological science graduates, with PG in agri-related courses Agriculture,Rural & Environment Individual 1. The scheme is open to the following categories of candidates of the age group of 18 to 60 years. 1. Graduates in agriculture and allied subjects like Horticulture, Sericulture, Dairy, Animal Husbandry, Fisheries, Home/ Community Sciences, Biotechnology, Agricultural Engineering, Forestry, Food Technology, Food Nutrition, and Dietetics, etc, from SAUs/ Central Agricultural Universities/ Universities and graduates in Environmental Science, Botany, Zoology and Chemistry recognized by ICAR/ UGC. Degrees in Agriculture and allied subjects offered by other agencies are also considered subject to the approval of the Department of Agriculture &amp; Cooperation, Government of India on the recommendation of the State Government. 1. Diploma (with at least 50% marks)/ Post Graduate Diploma holders in Agriculture and allied subjects (as in para 3.1) from State Agricultural Universities, State Agriculture and Allied Departments and the State Department of Technical Education. Diplomas in Agriculture and allied subjects offered by other agencies (autonomous bodies, UGC affiliated universities, etc.) are also considered subject to the approval of the Department of Agriculture &amp; Cooperation, Government of India on the recommendation of the State Government. 1. Post Graduation in Agriculture &amp; allied subjects. 1. Degree courses recognized by UGC have more than 60 percent of the course content in Agriculture and allied subjects 3.5. 1. Diploma/ Post-graduate Diploma courses with more than 60 percent of course content in Agriculture and allied subjects after B.Sc. in Biological Sciences from recognized colleges and universities, 1. Agriculture-related courses at the intermediate (i.e. plus two) level, with at least 55% marks, 1. The scheme covers full financial support for training and handholding, provision of loans, and credit-linked back-ended composite subsidy.",2743
aiguk,Agricultural Investment Grant (in Case of Crop Damage of 33% or More),"The scheme aims to provide financial assistance to farmers who suffer crop losses of 33% or more due to natural calamities such as floods, heavy rainfall, drought, hailstorms, or other notified disasters.",,Department Of Disaster Management,Uttarakhand,"Agriculture,Rural & Environment",Individual,"Under this scheme:

  - ₹8,500/- per hectare is provided for Agriculture, Horticulture, and Annual Crops in unirrigated areas. A minimum of ₹1,000/- is payable.
  - ₹17,000/- per hectare is provided for Areas with Assured Irrigation. The minimum amount of assistance payable to any farmer will be ₹2,000/-.
  - For Evergreen Crops - ₹22,500/- per hectare is admissible for all types of evergreen crops. The minimum amount payable is ₹2,500/-.
  - ₹6,000/- per hectare is payable to Sericulture Farmers.
  - ₹7,000/- per hectare is payable for eri, mulberry and tussar crops.
  - A minimum assistance of ₹1,000/- is payable for Munga crops.

<br>","1. The applicant must be a resident farmer of Uttarakhand engaged in agricultural activities within the state.
1. The financial assistance will be applicable only for the area actually sown with crops.

<br>","[Offline]
Information about the disaster and the resulting damage is received from various sources. The concerned Patwari verifies the damage and records it in the P-20 form. The Patwari’s report is subsequently verified by the Tehsildar and the Sub-Divisional Magistrate. Approval is then obtained from the District Magistrate. Once the District Magistrate’s approval is received, relief funds are disbursed to the concerned beneficiaries at the Tehsil level.","Form P-20 Entry Confirmation (recorded by the concerned Patwari)
Other supporting documents as required",https://uk.gov.in/department92/library_file/file-04-12-2023-06-02-23.pdf,https://www.myscheme.gov.in/schemes/aiguk,,,all,[],,both,"[""Uttarakhand""]",False,False,2026-07-05 10:05:48.937+00,"Agricultural Investment Grant (in Case of Crop Damage of 33% or More) The scheme aims to provide financial assistance to farmers who suffer crop losses of 33% or more due to natural calamities such as floods, heavy rainfall, drought, hailstorms, or other notified disasters. Under this scheme: - ₹8,500/- per hectare is provided for Agriculture, Horticulture, and Annual Crops in unirrigated areas. A minimum of ₹1,000/- is payable. - ₹17,000/- per hectare is provided for Areas with Assured Irrigation. The minimum amount of assistance payable to any farmer will be ₹2,000/-. - For Evergreen Crops - ₹22,500/- per hectare is admissible for all types of evergreen crops. The minimum amount payable is ₹2,500/-. - ₹6,000/- per hectare is payable to Sericulture Farmers. - ₹7,000/- per hectare is payable for eri, mulberry and tussar crops. - A minimum assistance of ₹1,000/- is payable for Munga crops. Agriculture,Rural & Environment Individual 1. The applicant must be a resident farmer of Uttarakhand engaged in agricultural activities within the state. 1. The financial assistance will be applicable only for the area actually sown with crops.",1146
ami,Agricultural Marketing Infrastructure,The revitalized and farmers’ income enhancing centric sub-scheme Agricultural Marketing Infrastructure (AMI) of Integrated Scheme for Agricultural Marketing (ISAM) is meant for holistic development of agricultural value chain critically focusing each linkage of post-harvest value chain.,Ministry Of Agriculture and Farmers Welfare,Department of Agriculture & Farmers Welfare,Central,"Agriculture,Rural & Environment, Transport & Infrastructure",All,"The scheme envisages the following benefits:
1)	Ensure remunerative prices to the farmers for their produce
2)	Alternative &amp;competitive marketing channels
3)	Promotion of small size processing units
4)	Reduce post-harvest &amp; handling losses
5)	Promote pledge financing and market access
6)	Farmer-consumer market linkages and also to assist in integration GrAMs with e-NAM portal",Anyone can apply for the scheme.,"[Offline]
Step 01:Promoter applies for Term Loan (TL) to Financial Institution (FI) 
Step 02:Tem loan sanctioned by FIs
Step 03:FI applies for Advance Subsidy within 90 days of disbursal of First instalment of TL through ENSURE portal of NABARD
Step 04:NABARD, sanctions and releases the Advance Subsidy to the FI
Step 05:After completion of the project, FI will submit final subsidy claim to NABARD and requests for Joint Monitoring Inspection (JMI)
Step 06: NABARD will initiate action for conduct of JMI and Geo-tagged photograph taken during JMI is uploaded to the Ensure Portal
Step 07: NABARD sanctions and releases final subsidy to the FI","1) Forwarding letter of Controlling / nodal Office of the financing branch.
   •	The advance subsidy claim application of financing branch should be routed through the Controlling / nodal Office to NABARD clearly certifying that all documents as per this check list are enclosed. 
   •	The complete address with telephone/fax numbers of the controlling / nodal office as well as the financing branch are required to be furnished
   •	A copy of the letter together with a copy of the claim application should be endorsed to DMI RO / SO
  2) Advance subsidy claim application as per format in Annexure-V
  3) Copy of project report with item-wise details of costs, total outlay, loan and margin submitted by the promoter with a copy of the technical and financial appraisal report from the FI
 4) Copy of the approved plan/ map and civil drawings clearly indicating the dimensions and capacity.
 5) Copy of the loan sanction letter of the FI along with copies of invoices for purchase of machinery/equipment of infrastructure project if any. Copy of Term Loan Account Statement of the borrower indicating all transactions including disbursement of first instalment of loan
 6) Copy of land documents where the project is going to be established.
 7) FI’s certificate on category of the Promoter. In case of SC/ST entrepreneur and Cooperative, certification by the Competent Authority should be obtained.
 8) Notarized Affidavit in Original executed by the promoter on a non-judicial stamp paper as per Annexure XV.
 9) Copy of duly registered partnership deed, if it is a partnership firm, Memorandum& Articles of Association and certificate of incorporation, in case of Private Limited Company etc.",https://dmi.gov.in/Documents/AMI_OG_Scheme.pdf,https://www.myscheme.gov.in/schemes/ami,,,all,[],,both,"[""All""]",False,False,2026-07-05 10:14:30.375+00,"Agricultural Marketing Infrastructure The revitalized and farmers’ income enhancing centric sub-scheme Agricultural Marketing Infrastructure (AMI) of Integrated Scheme for Agricultural Marketing (ISAM) is meant for holistic development of agricultural value chain critically focusing each linkage of post-harvest value chain. The scheme envisages the following benefits: 1) Ensure remunerative prices to the farmers for their produce 2) Alternative &amp;competitive marketing channels 3) Promotion of small size processing units 4) Reduce post-harvest &amp; handling losses 5) Promote pledge financing and market access 6) Farmer-consumer market linkages and also to assist in integration GrAMs with e-NAM portal Agriculture,Rural & Environment, Transport & Infrastructure All Anyone can apply for the scheme.",809
asdtpwff,Agricultural Skill Development Training Programme For Women Farmers And Farmers,"The scheme “Agricultural Skill Development Training Programme for Women Farmers and Farmers” was started by the Department of Agriculture, Farmers Welfare & Co-operation, Government of Gujarat.",,"Agriculture, Farmers Welfare and Cooperation Department",Gujarat,"Agriculture,Rural & Environment",Individual,"1. Selected women farmers, male farmers, and youth have been trained-n-guided in agricultural and allied aspects of the scientific method.
1. The latest information on agricultural aspects will be provided to the selected applicant under this scheme.
1. The selected applicants have informed the developing scheme of the state and central levels.","1. The applicant should be a permanent resident of Gujarat State.
1. The farm families of women farmers, male farmers, and youth are eligible to apply.","[Offline]
Step 1: To participate in the training, the applicant needs to visit the nearest Farmer Training Centre of the district or contact Village Level Worker (Gram Sevak) and request/collect an application form for the scheme.
Step 2: In the application form, fill in all the mandatory fields, paste the passport-sized, and attach all the mandatory documents.
Step 3: Submit the application form along with the documents to the concerned receiving authority.
Step 4: After successful verification, the applicant may be eligible to take all the benefits under the scheme.","Government-approved photo ID i.e. Aadhaar Card, Voter ID Card
Passport Size Photograph
Caste certificate (If Applicable)",https://dag.gujarat.gov.in/agricultural-skill-development-program.htm,https://www.myscheme.gov.in/schemes/asdtpwff,,,all,[],,both,"[""Gujarat""]",False,False,2026-07-05 10:00:24.691+00,"Agricultural Skill Development Training Programme For Women Farmers And Farmers The scheme “Agricultural Skill Development Training Programme for Women Farmers and Farmers” was started by the Department of Agriculture, Farmers Welfare & Co-operation, Government of Gujarat. 1. Selected women farmers, male farmers, and youth have been trained-n-guided in agricultural and allied aspects of the scientific method. 1. The latest information on agricultural aspects will be provided to the selected applicant under this scheme. 1. The selected applicants have informed the developing scheme of the state and central levels. Agriculture,Rural & Environment Individual 1. The applicant should be a permanent resident of Gujarat State. 1. The farm families of women farmers, male farmers, and youth are eligible to apply.",815
financial-assistance-scheme,Agriculture And Processed Foods Export Promotion Scheme Of APEDA For The 15th Finance Commission Cycle (2021-22 To 2025-26),The Financial Assistance Scheme (FAS) is an export promotion scheme run by APEDA. The scheme aims to facilitate the export of agri-products by providing assistance to exporters.,Ministry Of Commerce And Industry,Agricultural and Processed Food Products Export Development Authority,Central,"Agriculture,Rural & Environment","Industries, Government Organisation, State Government, University / Institution","**Development of Export Infrastructure: Assistance for the Establishment of Processing and Supply Chain Infrastructure:**
**Benefits:** 
1. The assistance will be up to 40% subject to a ceiling of ₹200 lakhs.
2. The assistance will be up to 90% of the approved cost subject as in the case of assistance under 1(f), as per [Operational Guidelines](https://apeda.gov.in/sites/default/files/Financial%20Assistance%20Schemes/FAS_Guidelines_05102021.pdf) of APEDA.
<br>","1. APEDA registered Exporters are eligible to apply for assistance under 1(a)-(e) Central and state government institutions and public sector enterprises are eligible to apply for assistance under 1(f), as per [Operational Guidelines](https://apeda.gov.in/sites/default/files/Financial%20Assistance%20Schemes/FAS_Guidelines_05102021.pdf) of APEDA.
2. Assistance will be applicable for all APEDA scheduled products.
3. The date of submission of the online application in APEDA shall be considered as the date of receipt of the application for grant of In Principle Approval. The expenditure incurred prior to the date of submission of the online application in APEDA shall not be considered for assistance. However, any expenditure incurred after submission of the online application but before issuance of IPA shall not automatically become eligible for assistance and shall be subject to the final decision of APEDA taken in this regard.
4. In the case of exporters belonging to North-Eastern states, difficult areas namely Himalayan and land-locked states, Island Union Territories, SC/ST, and women beneficiaries, the assistance will be up to 75% for all activities. However, overall financial ceiling limits in all cases shall remain the same.
5. The following exporters shall be deemed to fall under the SC/ST category:
a) In case of a proprietary concern, the proprietor shall be SC/ST.
b) In the case of a partnership firm, the SC/ST partners shall be holding at least 51% shares in the unit.*
c) In the case of private limited companies/Limited Liability Partnership (LLP)/Farmer Producer Companies (FPCs), at least 51% of shares shall be held by SC/ST directors/promoters.*
(*The partner/director/promoter should hold at least 51% share in the unit for the preceding one year of application for financial assistance and the holdings of SC/ST partner/promoter/director shall remain at least 51% for the subsequent period of at least two years of reimbursement of the financial assistance. In this regard, an undertaking has to be submitted by the applicant.)
6. The following exporters shall be deemed to fall under the Women Entrepreneur category
a) The concern should be in existence for at least one year
b) In case of a proprietary concern, the proprietor shall be a woman
c) In the case of partnership firms/FPOs/FPCs/LLP/Private Limited companies, all the partners/directors/promoters shall be women.
7. For organic products, the unit should have scope for processing under the NPOP requirements
8. APEDA shall charge a processing fee as approved by the Department of Commerce (DoC), Ministry of Commerce and Industry, Government of India on the disbursed amount which is presently 5% + GST as applicable. The processing fee shall be deducted at the time of release of funds to the applicant.
9. The assistance under the Financial Assistance Scheme of APEDA is available to register exporters or other organizations such as Central/State agencies, FPOs, etc. for APEDA Scheduled Products.
10. The application should be accompanied by the following documents duly self-certified. It should be submitted physically within 30 days from the date of the online application otherwise, the application will be cancelled. 
11. For the purchase of new equipment, quotation/ proforma invoice/ bills should be obtained from a minimum of three Original Equipment Manufacturers (OEM) or their authorized distributor/ dealer of the equipment. The quotations shall be sought from a minimum of 3 suppliers. The applicant is free to place a work order at any of the three bidders however, APEDA’s assistance shall be computed on the lowest quoted rate.
12. In case of a feasibility study the quotation has to be sought from the reputed consulting firms having experience of 5 years in the relevant field.
13. The quotations should clearly show the address, GSTN, TIN and PAN, product description with detailed specifications, validity date, and item-wise cost/unit and total amount. Technical brochure/literature/Pamphlet depicting equipment details in case of infrastructure/laboratory equipment/any other assets etc. with clear mention of the utility
14. Wherever civil work is involved assistance by APEDA shall be restricted only to Technical Civil Work required for the project The cost estimate depicting the Bill of Quantity, rate/unit, and total amount duly certified by a Chartered Engineer or Civil Architect shall be submitted for civil work.
15. The grant will be restricted only to the plant and machinery and technical civil work created after submission of the online application. The financial assistance towards the technical civil work component of the project shall be limited to a maximum of 25% of the total eligible financial assistance of that application. However, any expenditure incurred after the submission of the online application but before the issuance of IPA shall not automatically become eligible for assistance and shall be subject to the final decision of APEDA taken in this regard.
16. The training program/schedule/calendar or prospectus of the institutions illustrated in Annexure 8 shall be submitted along with the application.
17. The exporter shall submit online quarterly export performance from the assisted unit, on the APEDA website even if the export is nil.
18. In-principle approval (IPA) of APEDA is required for all components of the scheme except for Lab testing charges as mentioned under sub-component 5.
19. Subsequent to the issuance of the IPA, amendments in the same can be considered at the request of the applicant but within the validity of the IPA.
20. The request for an extension of IPA may be considered by APEDA on a case-to-case basis on merits.
21. APEDA reserves the right to get the projects appraised from an outside agency. In case the project is not found viable, the application shall not be considered. The grant of In-Principle Approval shall be based on eligible items and activities only and any expenditure on ineligible items or activity shall not be considered.
22. APEDA reserves the right to intervene in the charges fixed by the agencies that are not commensurate with the services rendered to the exporters.
23. The decision of APEDA relating to the admissibility of the claim shall be final and the mere filing of the application shall not provide any right to claim financial assistance
24. Any change in ownership/management of the company shall be the responsibility of the exporter to get the same incorporated in the Registration cum Membership Certificate (RCMC) issued APEDA.
25. Reimbursement of eligible assistance from APEDA will be back-ended, upon completion and submission of the claim by the applicant in accordance with the terms and conditions of the In-Principle Approval letter issued and subsequent physical verifications by APEDA.
26. It is the responsibility of the applicant to file final claim documents complete in all respects well before the expiry of the original or extended validity, if any, of the In-Principle Approval letter. 
27. If the applicant/beneficiary has more than one manufacturing unit at different locations, APEDA may consider assistance for each such separate unit. However, such units must be first incorporated into the IEC and APEDA RCMC.
28. The Budgetary allocation to APEDA is given by the Department of Commerce. The actual allocation may vary from year to year. Disbursement of assistance is subject to actual budget allocation by the Government. Financial assistance is provided subject to the availability of the funds in APEDA and grants by the Government.
29. Financial assistance is provided subject to continuation of the scheme. There shall be no claim by the applicant in carrying forward the application for financial assistance beyond the plan period (2021-26)
30. The applicant has to comply with the requirement of Registration/license with the Food Safety and Standards Authority of India (FSSAI) and/or any other regulatory authorities.
31. The beneficiary getting financial assistance under the Integrated pack-house, reefer van, cable car, or up-gradation of the facility should not sell his/her unit before five (5) years of disbursement of financial assistance.
32. Exporter should submit a declaration stating that no financial assistance has been availed from any state/center agency. If the application is also submitted to other state/center agencies, then details for it should be submitted in an online application.
33. APEDA reserves the right to conduct pre-inspection of the unit and/or site of the applicant before putting up to the Technical Committee.
34. The application will be summarily rejected in case it is found incomplete, unsatisfactory pre-inspection report, and not as per the guidelines prescribed.
35. All matters of dispute arising out of the APEDA financial assistance scheme (FAS) shall be governed by Indian law and subject to Court jurisdiction in New Delhi only. Both parties shall make all efforts to resolve any dispute by way of reconciliation. In the event of any question, dispute, or difference arising under the Scheme in connection therewith remains unresolved, the same shall be referred to the Chairman, APEDA, and his decision shall be final.
<br>","[Online]
1. For Govt., PSU, and Others: Online application 
https://itrack.apeda.gov.in/onlineregistration/fasonlinereg.aspx    
                                
2. For Exporters: Online application
https://itrack.apeda.gov.in/default.aspx?UType=E","Document submitted needs to be duly signed by the Competent Authority/ authorized signatory [When original documents are in the regional language they should be accompanied by self-certified English/ Hindi translation]:-
Documents such as Detailed Project Report (DPR), Chartered Engineer Certificate, etc. in the format given in Annexure - I.
A detailed appraisal note, specific to the scheme, from the lending Bank/Financial Institution, if applicable.
Certificate of incorporation/ registration of the applicant, Memorandum and Articles of Association in case of Company/Bye-laws of the applicant, etc.
Annual reports and Audited Financial Statement of Accounts of the applicant for the last two years.
Self-attested English/ Hindi version of main facility land documents in support of land title in the name of the applicant or land lease, duly registered with the competent authority for a minimum remaining period of 15 years.
Change in Land Use (CLU) permission for the project for the main facility land from the competent authority.
Free hold land/ equitable mortgage free from all incumbencies and in possession of the applicant is a pre-requisite for consideration of assistance. In case of any dispute for land at any stage, which results in a change in the land status, during the execution of the project or thereafter, APEDA shall recover all assistance amount along with interest (as per GFR) and penalty without assigning any reason thereof.
Three quotations from the suppliers of Plant and machinery and equipment, etc. for the project except in case of imported/proprietary items.
The applicant has to submit copies of necessary permissions from Central, State, and other statuary bodies for setting up the facility/ project.
A copy of the term loan sanctioned from the bank/financial institution for this project, if applicable, should be attached.
Drawing/layout diagram of the project duly approved by the Chartered Engineer.
In case the applicant/beneficiary is availing loan from any bank/ financial institution, a detailed appraisal note from the bank/financial institution specific to the proposal should be submitted. Detailed Project Report /Techno Economic Viability Report merely stamped or endorsed by the Bank/ FI without a detailed appraisal note shall not be considered a valid appraisal note and such proposals will not be considered for financial assistance.
In case the applicant/beneficiary is not availing loan from any bank/ financial institution, a detailed appraisal note with justification and feasibility of the proposed project, endorsed by the Competent Authority of the applicant organization should be attached.
Applicants who have availed or are in the process of availing grant from any other agency shall have to intimate APEDA at the time of submission of DPR regarding it and in case a grant has been availed for the same component(s) from any other Govt. agency, the applicant shall not be eligible for financial assistance from APEDA for the same component(s).",https://apeda.gov.in/sites/default/files/Financial%20Assistance%20Schemes/FAS_Guidelines_05102021.pdf,https://www.myscheme.gov.in/schemes/financial-assistance-scheme,,,all,[],,both,"[""All""]",False,False,2026-07-05 10:18:20.027+00,"Agriculture And Processed Foods Export Promotion Scheme Of APEDA For The 15th Finance Commission Cycle (2021-22 To 2025-26) The Financial Assistance Scheme (FAS) is an export promotion scheme run by APEDA. The scheme aims to facilitate the export of agri-products by providing assistance to exporters. Development of Export Infrastructure: Assistance for the Establishment of Processing and Supply Chain Infrastructure: Benefits: 1. The assistance will be up to 40% subject to a ceiling of ₹200 lakhs. 2. The assistance will be up to 90% of the approved cost subject as in the case of assistance under 1(f), as per [Operational Guidelines]( Guidelines 05102021.pdf) of APEDA. Agriculture,Rural & Environment Industries, Government Organisation, State Government, University / Institution 1. APEDA registered Exporters are eligible to apply for assistance under 1(a)-(e) Central and state government institutions and public sector enterprises are eligible to apply for assistance under 1(f), as per [Operational Guidelines]( Guidelines 05102021.pdf) of APEDA. 2. Assistance will be applicable for all APEDA scheduled products. 3. The date of submission of the online application in APEDA shall be considered as the date of receipt of the application for grant of In Principle Approval. The expenditure incurred prior to the date of submission of the online application in APEDA shall not be considered for assistance. However, any expenditure incurred after submission of the online application but before issuance of IPA shall not automatically become eligible for assistance and shall be subject to the final decision of APEDA taken in this regard. 4. In the case of exporters belonging to North-Eastern states, difficult areas namely Himalayan and land-locked states, Island Union Territories, SC/ST, and women beneficiaries, the assistance will be up to 75% for all activities. However, overall financial ceiling limits in all cases shall remain the same. 5. The following exporters shall be deemed to fall under the SC/ST category: a) In case of a proprietary concern, the proprietor shall be SC/ST. b) In the case of a partnership firm, the SC/ST partners shall be holding at least 51% shares in the unit. c) In the case of private limited companies/Limited Liability Partnership (LLP)/Farmer Producer Companies (FPCs), at least 51% of shares shall be held by SC/ST directors/promoters. ( The partner/director/promoter should hold at least 51% share in the unit for the preceding one year of application for financial assistance and the holdings of SC/ST partner/promoter/director shall remain at least 51% for the subsequent period of at least two years of reimbursement of the financial assistance. In this regard, an undertaking has to be submitted by the applicant.) 6. The following exporters shall be deemed to fall under the Women Entrepreneur category a) The concern should be in existence for at least one year b) In case of a proprietary concern, the proprietor shall be a woman c) In the case of partnership firms/FPOs/FPCs/LLP/Private Limited companies, all the partners/directors/promoters shall be women. 7. For organic products, the unit should have scope for processing under the NPOP requirements 8. APEDA shall charge a processing fee as approved by the Department of Commerce (DoC), Ministry of Commerce and Industry, Government of India on the disbursed amount which is presently 5% + GST as applicable. The processing fee shall be deducted at the time of release of funds to the applicant. 9. The assistance under the Financial Assistance Scheme of APEDA is available to register exporters or other organizations such as Central/State agencies, FPOs, etc. for APEDA Scheduled Products. 10. The application should be accompanied by the following documents duly self-certified. It should be submitted physically within 30 days from the date of the online application otherwise, the application will be cancelled. 11. For the purchase of new equipment, quotation/ proforma invoice/ bills should be obtained from a minimum of three Original Equipment Manufacturers (OEM) or their authorized distributor/ dealer of the equipment. The quotations shall be sought from a minimum of 3 suppliers. The applicant is free to place a work order at any of the three bidders however, APEDA’s assistance shall be computed on the lowest quoted rate. 12. In case of a feasibility study the quotation has to be sought from the reputed consulting firms having experience of 5 years in the relevant field. 13. The quotations should clearly show the address, GSTN, TIN and PAN, product description with detailed specifications, validity date, and item-wise cost/unit and total amount. Technical brochure/literature/Pamphlet depicting equipment details in case of infrastructure/laboratory equipment/any other assets etc. with clear mention of the utility 14. Wherever civil work is involved assistance by APEDA shall be restricted only to Technical Civil Work required for the project The cost estimate depicting the Bill of Quantity, rate/unit, and total amount duly certified by a Chartered Engineer or Civil Architect shall be submitted for civil work. 15. The grant will be restricted only to the plant and machinery and technical civil work created after submission of the online application. The financial assistance towards the technical civil work component of the project shall be limited to a maximum of 25% of the total eligible financial assistance of that application. However, any expenditure incurred after the submission of the online application but before the issuance of IPA shall not automatically become eligible for assistance and shall be subject to the final decision of APEDA taken in this regard. 16. The training program/schedule/calendar or prospectus of the institutions illustrated in Annexure 8 shall be submitted along with the application. 17. The exporter shall submit online quarterly export performance from the assisted unit, on the APEDA website even if the export is nil. 18. In-principle approval (IPA) of APEDA is required for all components of the scheme except for Lab testing charges as mentioned under sub-component 5. 19. Subsequent to the issuance of the IPA, amendments in the same can be considered at the request of the applicant but within the validity of the IPA. 20. The request for an extension of IPA may be considered by APEDA on a case-to-case basis on merits. 21. APEDA reserves the right to get the projects appraised from an outside agency. In case the project is not found viable, the application shall not be considered. The grant of In-Principle Approval shall be based on eligible items and activities only and any expenditure on ineligible items or activity shall not be considered. 22. APEDA reserves the right to intervene in the charges fixed by the agencies that are not commensurate with the services rendered to the exporters. 23. The decision of APEDA relating to the admissibility of the claim shall be final and the mere filing of the application shall not provide any right to claim financial assistance 24. Any change in ownership/management of the company shall be the responsibility of the exporter to get the same incorporated in the Registration cum Membership Certificate (RCMC) issued APEDA. 25. Reimbursement of eligible assistance from APEDA will be back-ended, upon completion and submission of the claim by the applicant in accordance with the terms and conditions of the In-Principle Approval letter issued and subsequent physical verifications by APEDA. 26. It is the responsibility of the applicant to file final claim documents complete in all respects well before the expiry of the original or extended validity, if any, of the In-Principle Approval letter. 27. If the applicant/beneficiary has more than one manufacturing unit at different locations, APEDA may consider assistance for each such separate unit. However, such units must be first incorporated into the IEC and APEDA RCMC. 28. The Budgetary allocation to APEDA is given by the Department of Commerce. The actual allocation may vary from year to year. Disbursement of assistance is subject to actual budget allocation by the Government. Financial assistance is provided subject to the availability of the funds in APEDA and grants by the Government. 29. Financial assistance is provided subject to continuation of the scheme. There shall be no claim by the applicant in carrying forward the application for financial assistance beyond the plan period (2021-26) 30. The applicant has to comply with the requirement of Registration/license with the Food Safety and Standards Authority of India (FSSAI) and/or any other regulatory authorities. 31. The beneficiary getting financial assistance under the Integrated pack-house, reefer van, cable car, or up-gradation of the facility should not sell his/her unit before five (5) years of disbursement of financial assistance. 32. Exporter should submit a declaration stating that no financial assistance has been availed from any state/center agency. If the application is also submitted to other state/center agencies, then details for it should be submitted in an online application. 33. APEDA reserves the right to conduct pre-inspection of the unit and/or site of the applicant before putting up to the Technical Committee. 34. The application will be summarily rejected in case it is found incomplete, unsatisfactory pre-inspection report, and not as per the guidelines prescribed. 35. All matters of dispute arising out of the APEDA financial assistance scheme (FAS) shall be governed by Indian law and subject to Court jurisdiction in New Delhi only. Both parties shall make all efforts to resolve any dispute by way of reconciliation. In the event of any question, dispute, or difference arising under the Scheme in connection therewith remains unresolved, the same shall be referred to the Chairman, APEDA, and his decision shall be final.",9949
aems,Agriculture Engineering (Mechanical) Scheme,The objective of the scheme is to provide agricultural machinery such as power tillers/ bulldozers/ tractors etc. on hiring at subsidised rate.,,Agriculture Department,Meghalaya,"Agriculture,Rural & Environment",Individual,"> **Pattern of Assistance:**

- Providing a 60% subsidy for the purchase of improved farm machinery and equipment (Proposed for Power Tiller and Diesel Water Pumpset).

> **Type of Assistance and Entitlement (If any):**

- Subsidy for hiring of farm machinery and equipment.","1. The applicant should be a resident of Meghalaya.
1. The applicant should be a bonafide farmer engaged in agriculture.","[Offline]
Application Process:Step 01: The eligible bonafide farmer can apply/write an application on plain paper.
Step 02: Along with the application, attach copies of all the mandatory documents (self-attest, if required).
Step 03: Submit the duly filled and signed application along with the relevant documents at the nearest office of the Agriculture Development Officer of a CD Block/Agriculture Circle.
Mode of Selection of Beneficiary(s):The bonafide farmers shall be selected on a first come first serve basis.
Whom to Contact:District Agriculture Officers of the concerned districts.
Sub-divisional Officers of the concerned sub-divisions.
Agriculture Development Officers of the concerned Community and Rural Development Blocks.
Assistant Agriculture Engineer (Mechanical) of the concerned districts.","Passport-size photograph
Identity Proof
Bank account details
Documents proof of being a farmer
Any other document as required",https://megagriculture.gov.in/PUBLIC/schemes_ShowSchemesA.aspx?schid=58,https://www.myscheme.gov.in/schemes/aems,,,all,[],,both,"[""Meghalaya""]",False,False,2026-07-05 10:01:33.08+00,"Agriculture Engineering (Mechanical) Scheme The objective of the scheme is to provide agricultural machinery such as power tillers/ bulldozers/ tractors etc. on hiring at subsidised rate. Pattern of Assistance: - Providing a 60% subsidy for the purchase of improved farm machinery and equipment (Proposed for Power Tiller and Diesel Water Pumpset). Type of Assistance and Entitlement (If any): - Subsidy for hiring of farm machinery and equipment. Agriculture,Rural & Environment Individual 1. The applicant should be a resident of Meghalaya. 1. The applicant should be a bonafide farmer engaged in agriculture.",611
aius,Agriculture Information Unit Scheme,"The key objective is to disseminate information on Scientific methods of cultivation to extension staff and farming community through media such as pamphlets, leaflets, radio, television etc. and participating/holding awareness programs by means of exhibitions, seminars etc.",,Agriculture Department,Meghalaya,"Agriculture,Rural & Environment",Individual,"> **Pattern of Assistance:**

  - Free distribution of information leaflets, package of practices, booklets etc., including sponsoring Farmers Group, SHG to exposure programmes like trade fairs, expos, exhibitions in and outside the State.

&gt; **Type of Assistance and Entitlement (If any):**

  - Farmers Exposure Trip, Holding Crop Competition, Printing of booklets, leaflets, farmer calendar, publications, observation of World Food Day, Sponsoring farmers to participate in Trade Fair, Exhibition, Kisan Mela.","1. The applicant should be a resident of Meghalaya.
1. The applicant should be a bonafide farmer engaged in agriculture.","[Offline]
Application Process:To avail the benefits of the scheme, the bonafide farmers can approach the nearest Agriculture Development Officer of a CD Block/Agriculture Circle.
Mode of Selection of Beneficiary(s):Does not arise. All farmers can avail of publication materials on a first come first serve basis.
Whom to Contact:Agriculture Information Officer, Directorate of Agriculture.
District Agriculture Officers of the concerned districts.
Sub-divisional Officers of the concerned sub-divisions.
Agriculture Development Officers of the concerned Community and Rural Development Blocks.","Passport-size photograph
Identity Proof
Documents proof of being a farmer
Any other document as required",https://megagriculture.gov.in/PUBLIC/schemes_ShowSchemesA.aspx?schid=44,https://www.myscheme.gov.in/schemes/aius,,,all,[],,both,"[""Meghalaya""]",False,False,2026-07-05 09:54:09.429+00,"Agriculture Information Unit Scheme The key objective is to disseminate information on Scientific methods of cultivation to extension staff and farming community through media such as pamphlets, leaflets, radio, television etc. and participating/holding awareness programs by means of exhibitions, seminars etc. Pattern of Assistance: - Free distribution of information leaflets, package of practices, booklets etc., including sponsoring Farmers Group, SHG to exposure programmes like trade fairs, expos, exhibitions in and outside the State. &gt; Type of Assistance and Entitlement (If any): - Farmers Exposure Trip, Holding Crop Competition, Printing of booklets, leaflets, farmer calendar, publications, observation of World Food Day, Sponsoring farmers to participate in Trade Fair, Exhibition, Kisan Mela. Agriculture,Rural & Environment Individual 1. The applicant should be a resident of Meghalaya. 1. The applicant should be a bonafide farmer engaged in agriculture.",974
arsls,Agriculture Research Stations and Laboratories Scheme,The objective of the scheme is to conduct adaptive research trials on different crops in the Research Farms and in Farmers' Field for adaptability and use of bio pesticides/bio agents.,,Agriculture Department,Meghalaya,"Agriculture,Rural & Environment",Individual,"> **Pattern of Assistance:**

- Adaptive research at farmers&#39; field.

> **Type of Assistance And Entitlement (If Any):**

- Training on Soil management, Providing Soil Health Cards, Conducting soil surveys, etc.","1. The applicant should be a permanent resident of Meghalaya.
1. The applicant should be a bonafide farmer engaged in agriculture.","[Offline]
Application Process:Step 01: The eligible bonafide farmer can apply/write an application on plain paper.
Step 02: Along with the application, attach copies of all the mandatory documents (self-attest, if required).
Step 03: Submit the duly filled and signed application along with the documents at the nearest office of the Agriculture Development Officer of a CD Block/ Agriculture Circle.
Mode of Selection of Beneficiary(s):The bonafide farmers shall be selected on a first come first serve basis.
Whom to Contact:District Agriculture Officers of the concerned districts
Sub-Divisional Agricultural Officers of the concerned sub-divisions
District Training Officers, Tura/Shillong
Agricultural Development Officers of the concerned Community and Rural Development Blocks","Passport-size photograph
Identity Proof
Documents proof of being a farmer
Any other document as required",https://megagriculture.gov.in/PUBLIC/schemes_ShowSchemesA.aspx?schid=82,https://www.myscheme.gov.in/schemes/arsls,,,all,[],,both,"[""Meghalaya""]",False,False,2026-07-05 09:30:42.602+00,"Agriculture Research Stations and Laboratories Scheme The objective of the scheme is to conduct adaptive research trials on different crops in the Research Farms and in Farmers' Field for adaptability and use of bio pesticides/bio agents. Pattern of Assistance: - Adaptive research at farmers& 39; field. Type of Assistance And Entitlement (If Any): - Training on Soil management, Providing Soil Health Cards, Conducting soil surveys, etc. Agriculture,Rural & Environment Individual 1. The applicant should be a permanent resident of Meghalaya. 1. The applicant should be a bonafide farmer engaged in agriculture.",613
aikmkue,Akhil Bhartiya Kisan Mela and Krishi Udyog Pradarshani,"The scheme aims to provide a platform for farmers, agri-entrepreneurs, and stakeholders to access, learn about, and showcase the latest agricultural innovations, technologies, and practices.",,Agriculture Department,Uttarakhand,"Agriculture,Rural & Environment","Individual, Business Entity","The Fair/Exhibition is organized twice a year on the university campus.
<br>","1. Participants should be farmers, farmer entrepreneurs, or agriculture-related firms interested in showcasing and promoting the latest agricultural technologies.

<br>","[Offline]
The exhibition is organized after agriculture and agriculture-related firms deposit the prescribed participation fee, while farmers participate by registering themselves for the event.",Documents are required in accordance with the guidelines issued for the conduct of the fair and exhibitions.,https://uk.gov.in/department92/library_file/file-30-01-2025-04-25-16.pdf,https://www.myscheme.gov.in/schemes/aikmkue,,,all,[],,both,"[""Uttarakhand""]",False,False,2026-07-05 10:19:19.508+00,"Akhil Bhartiya Kisan Mela and Krishi Udyog Pradarshani The scheme aims to provide a platform for farmers, agri-entrepreneurs, and stakeholders to access, learn about, and showcase the latest agricultural innovations, technologies, and practices. The Fair/Exhibition is organized twice a year on the university campus. Agriculture,Rural & Environment Individual, Business Entity 1. Participants should be farmers, farmer entrepreneurs, or agriculture-related firms interested in showcasing and promoting the latest agricultural technologies.",540
acsuk,Allotment of Commercial Shops,The scheme aims to promote ease of doing business for licensed traders by providing them with well-located commercial shops in market yards (mandis).,,Agriculture Department,Uttarakhand,"Agriculture,Rural & Environment, Business & Entrepreneurship",Individual,"The scheme facilitates ease of doing business for traders by allotting them with commercial shops.
<br>","1. The applicant must be a resident of Uttarakhand.
   1. The applicant must hold a valid trader’s license issued by the Mandi Committee.

<br>","[Offline]
Application Process:
Upon receiving information regarding shop allotment (through notices published in newspapers and displayed at public places), the applicant must obtain the application form from the committee office by paying the prescribed fee.
Complete the form with the required information and submit it to the committee office within the stipulated time.
Selection Process:
Allotment of commercial shops is carried out by the Shop Allotment Committee.
Traders are selected based on the available shops and the applications received, giving priority in descending order to those who have deposited the highest market fees in the last three years.","Valid trader’s license issued by the Mandi Committee
Other documents as required",https://uk.gov.in/department92/library_file/file-30-01-2025-04-25-16.pdf,https://www.myscheme.gov.in/schemes/acsuk,,,all,[],,both,"[""Uttarakhand""]",False,False,2026-07-05 10:05:43.999+00,"Allotment of Commercial Shops The scheme aims to promote ease of doing business for licensed traders by providing them with well-located commercial shops in market yards (mandis). The scheme facilitates ease of doing business for traders by allotting them with commercial shops. Agriculture,Rural & Environment, Business & Entrepreneurship Individual 1. The applicant must be a resident of Uttarakhand. 1. The applicant must hold a valid trader’s license issued by the Mandi Committee.",485
asfm,Allotment of Shops in Kisan Bazaar,The scheme aims to facilitate trade in products other than agricultural produce by providing commercial shops in Kisan Bazaars. The shops are allotted to eligible residents of Uttarakhand through public notices published in newspapers and displayed at public places.,,Agriculture Department,Uttarakhand,"Agriculture,Rural & Environment, Business & Entrepreneurship",Individual,"The scheme facilitates trade in products other than agricultural produce by allotting shops in the Kisan Bazaars to eligible residents of Uttarakhand.
<br>","1. The applicant must be a resident of Uttarakhand.

<br>","[Offline]
Application Process:
Upon receiving information regarding the allotment of shops in the Kisan Bazaar (through notices published in newspapers and displayed at public places), applicants can obtain the tender form from the committee office by paying the prescribed fee.
Complete the tender form and submit it in the tender box on or before the specified due date.
Selection Process:
The allotment of shops in the Kisan Bazaar is carried out by the Shop Allotment Committee.
Tenders are opened by the Shop Allotment Committee in the presence of the applicants/tenderers.
The committee invites bids from applicants, and selection is based on the highest tender amount.
The shop is allotted to the highest bidder.",Documents are required in accordance with the Shop Allotment Committee/tender guidelines.,https://uk.gov.in/department92/library_file/file-30-01-2025-04-25-16.pdf,https://www.myscheme.gov.in/schemes/asfm,,,all,[],,both,"[""Uttarakhand""]",False,False,2026-07-05 09:50:44.565+00,"Allotment of Shops in Kisan Bazaar The scheme aims to facilitate trade in products other than agricultural produce by providing commercial shops in Kisan Bazaars. The shops are allotted to eligible residents of Uttarakhand through public notices published in newspapers and displayed at public places. The scheme facilitates trade in products other than agricultural produce by allotting shops in the Kisan Bazaars to eligible residents of Uttarakhand. Agriculture,Rural & Environment, Business & Entrepreneurship Individual 1. The applicant must be a resident of Uttarakhand.",576
ahtn,Animal Husbandry,"This scheme provides subsidies on the distribution of sheep units, milch animals, and calves, as well as health coverage and artificial insemination for the animals. It is targeted at Tribal communities to improve their livelihood through animal husbandry.",,Adi Dravidar and Tribal Welfare Department,Tamil Nadu,"Agriculture,Rural & Environment",Individual,"- **Subsidy:** Subsidy of 50% to 75% on sheep units, milch animals, and calves.  - **Health Care Facility for Animals:** Provision of health care and veterinary services.  - **Others:** Artificial insemination for animals to improve breeding.
&lt;br&gt;","- The beneficiary should be a resident of Tamil Nadu.
- The beneficiary should be a Farmer.
- The beneficiary should belong to the Adi Dravidar/Tribal community.","[Offline]
Step 1: The interested applicant should collect the application form from the office of the Director of Adi Dravidar and the Tribal Welfare Officer/ Director of the Animal Husbandry Department or the Veterinary Hospital.
Step 2: In the application form, fill in all the mandatory fields, paste the passport-sized photograph (signed across, if required), and attach copies of all the mandatory documents (self-attest, if required).
Step 3: Submit the duly filled and signed application form along with the documents to the concerned department.
Step 4: Request a receipt or acknowledgment from the concerned authority to whom the application has been submitted. Ensure that the receipt contains essential details such as the date and time of submission, a unique identification number (if applicable).","Proof of identity (Aadhar card or any other document as directed by the authority).
Community certificate.
Any other documents (if required).",https://www.tn.gov.in/scheme/data_view/26799,https://www.myscheme.gov.in/schemes/ahtn,,,all,"[""SC"",""ST""]",,both,"[""Tamil Nadu""]",False,False,2026-07-05 09:32:09.807+00,"Animal Husbandry This scheme provides subsidies on the distribution of sheep units, milch animals, and calves, as well as health coverage and artificial insemination for the animals. It is targeted at Tribal communities to improve their livelihood through animal husbandry. - Subsidy: Subsidy of 50% to 75% on sheep units, milch animals, and calves. - Health Care Facility for Animals: Provision of health care and veterinary services. - Others: Artificial insemination for animals to improve breeding. &lt;br&gt; Agriculture,Rural & Environment Individual - The beneficiary should be a resident of Tamil Nadu. - The beneficiary should be a Farmer. - The beneficiary should belong to the Adi Dravidar/Tribal community.",718
ahsmfuk,Animal Husbandry: Assistance to Small and Marginal Farmers,"The scheme aims to provide financial assistance to small and marginal farmers for the replacement of productive livestock lost due to notified natural disasters such as floods, landslides, or other calamities.",,Department Of Disaster Management,Uttarakhand,"Agriculture,Rural & Environment",Individual,"**Replacement of Milk, Agricultural, and Transport Animals:**

- **Milch animals:** ₹37,500/- per animal (Buffalo/Cow/Camel/Yak/Mithun) will be payable.- ₹4,000/- per animal (Sheep/Goat/Pig) will be payable.

**Agricultural and Haulage Animals:** 

- ₹32,000/- per animal (Camel/Horse/Bullock) will be payable.

- ₹20,000/- per animal (Calf/Donkey/Pony/Mule) will be payable.

**Poultry Farming:**

  - ₹100/- per bird, up to a limit of ₹10,000/- per beneficiary family. The death of birds must be due to a notified natural disaster to be eligible for assistance.

<br>","1. The applicant must be a Small or Marginal Farmer from Uttarakhand who has lost their milk, agricultural, or haulage animals due to a notified natural disaster.

<br>","[Offline]
Information about the disaster and the resulting damage is received from various sources. The concerned Patwari verifies the damage and records it in the P-20 form. The Patwari’s report is subsequently verified by the Tehsildar and the Sub-Divisional Magistrate. Approval is then obtained from the District Magistrate. Once the District Magistrate’s approval is received, relief funds are disbursed to the concerned beneficiaries at the Tehsil level.
This assistance shall be limited to the actual loss of productive animals. However, irrespective of the extent of loss, assistance to a single family will be restricted to a maximum of 3 large milch animals, 30 small milch animals, or 3 large agricultural and draught animals (The loss or damage must be verified by a competent authority designated by the State Government).","Form P-20 Entry Confirmation (recorded by the concerned Patwari)
Other supporting documents as required",https://uk.gov.in/department92/library_file/file-04-12-2023-06-02-23.pdf,https://www.myscheme.gov.in/schemes/ahsmfuk,,,all,[],,both,"[""Uttarakhand""]",False,False,2026-07-05 09:43:13.744+00,"Animal Husbandry: Assistance to Small and Marginal Farmers The scheme aims to provide financial assistance to small and marginal farmers for the replacement of productive livestock lost due to notified natural disasters such as floods, landslides, or other calamities. Replacement of Milk, Agricultural, and Transport Animals: - Milch animals: ₹37,500/- per animal (Buffalo/Cow/Camel/Yak/Mithun) will be payable.- ₹4,000/- per animal (Sheep/Goat/Pig) will be payable. Agricultural and Haulage Animals: - ₹32,000/- per animal (Camel/Horse/Bullock) will be payable. - ₹20,000/- per animal (Calf/Donkey/Pony/Mule) will be payable. Poultry Farming: - ₹100/- per bird, up to a limit of ₹10,000/- per beneficiary family. The death of birds must be due to a notified natural disaster to be eligible for assistance. Agriculture,Rural & Environment Individual 1. The applicant must be a Small or Marginal Farmer from Uttarakhand who has lost their milk, agricultural, or haulage animals due to a notified natural disaster.",1013
as-sep,Annapurna Scheme: Seed Exchange Programme,"The scheme aims to increase agricultural productivity and production for SC/ST farmers who cannot afford improved seeds. It provides high-yielding improved seed varieties, up to one hectare, in exchange for existing crop or seed, backed by a 75% subsidy with a maximum limit of ₹1,500/-.",,Farmer Welfare and Agriculture Development Department,Madhya Pradesh,"Agriculture,Rural & Environment",Individual,"- Provision of improved seeds of high-yielding varieties of foodgrain crops.
- 75% subsidy on the actual price of the seed provided in exchange.
- The maximum limit of the subsidy is ₹1,500/-.
- Seeds of suitable varieties for the land and area will be provided in equal quantity compared to the seed provided by the farmer.
- The provision is limited to a maximum area of one hectare.
- Certified seed will be provided.

<br>

##### ***Conditions***

- _The seeds supplied must be of the improved variety, prioritizing those that are suitable for or prevalent in the area._
- _If certified seed is scarce, or depending on the specific crop condition, true form seed may be distributed only with the permission of the Director of Agriculture._
- _If the farmer provides seed of a different crop for exchange, the seed given by the farmer must be worth 25% of the actual price of the certified seed of the requested crop._
- _The improved seed provided to the farmer will not exceed the requirement for one hectare._
- _The seed received from the beneficiary farmer must be sold through auction (Ghosh Vikray) at the local Agricultural Produce Market Committee by a designated committee._
- _Cash received as the farmer&#39;s share or resulting from the auction of the grain provided by the farmer must be deposited into the Government Treasury by challan under Head 0401 Agriculture Work, Other Deposit - 800 Other Deposit._
- _If a farmer who previously received seed is given seed again, it must not be for the same crop or variety provided in prior years._

<br>","- The applicant must belong to the Scheduled Caste or Scheduled Tribe category.
- The applicant must be a small or marginal farmer.
- The applicant must be unable to afford the purchase of improved varieties of high-yielding foodgrain crops.

***Post-Selection Conditions***

- The farmer must exchange their existing crop or seed for the improved seeds.

<br>","[Offline]
Step 1: Target Determination and AllotmentThe Director of Agriculture determines the physical targets for the district, considering the population of small and marginal Scheduled Caste and Scheduled Tribe farmers, previous years' progress, and the demand received from the districts. 
The Sub-Director of Agriculture then divides the targets development-block-wise and obtains the necessary approval from the District Panchayat's Agriculture Standing Committee.
Step 2: Grassroots Target Distribution and Preliminary Candidate SelectionThe Sub-Director of Agriculture must inform the Sub-Divisional Agriculture Officer and the Senior Agriculture Development Officer of the approved targets. 
The Senior Agriculture Development Officer further divides the received targets area-wise among the Rural Agriculture Extension Officers. 
The primary selection of beneficiaries is carried out by the Rural Agriculture Extension Officer, who selects 1.5 times the required beneficiaries compared to the target.
Step 3: Submission and Approval of the Primary ListThe Rural Agriculture Extension Officer must prepare the list of selected farmers' names and submit it to the Senior Agriculture Development Officer. 
The Senior Agriculture Development Officer is responsible for securing the approval of this primary list from the Agriculture Standing Committee of the Janpad Panchayat.
Step 4: Finalizing the Selection and Waiting ListNames listed first in the approved primary list will be given priority. 
The remaining farmers are placed on a waiting list, which is considered final and remains valid only until the current crop season, with no changes permitted at any other level.
Step 5: Seed Demand Generation and ProcurementThe demand for necessary seed under the scheme must be sent jointly signed by the Rural Agriculture Extension Officer and the Society Manager, via the Senior Agriculture Development Officer, to the Sub-Divisional Agriculture Officer. 
The Sub-Divisional Agriculture Officer is responsible for coordinating with the seed supply organization and the cooperative bank manager to ensure that the seed is made available in a timely manner.
Step 6: Seed Distribution to BeneficiariesThe selected beneficiary farmers are provided with high-yielding variety seeds through Service Co-operative Societies, Development Blocks, or Government Agricultural Farms. 
Seed distribution agencies must store the seed at the nearest center, based on the demand of the area, to facilitate easy transport by the distribution organizations.
Step 7: Collection and Auction of Farmer's Seed ContributionThe Senior Agriculture Development Officer ensures the arrangement for the collection of the seed received from the beneficiary farmer from various centers and its subsequent sale through auction (Ghosh Vikray) at the Agricultural Produce Market Committee. 
The Deputy Director of Agriculture regularly reviews these auctions and presents any operational disturbances to the Collector during the weekly review meeting.
Step 8: Financial Settlement and Payment to Supply AgencySeed distribution agencies must submit a bill for the actual price of the seed provided to the farmers to the Senior Agriculture Development Officer. 
After verification of the bill, the Senior Agriculture Development Officer sends it through the Sub-Divisional Agriculture Officer to the Deputy Director of Agriculture for payment. 
The Deputy Director of Agriculture pays the actual price of the seed provided under the Seed Exchange Programme to the seed supply agency from the scheme budget.
Step 9: Deposit of Farmer's ContributionThe cash amount received as the farmer's share, or the amount realized after the auction of the grain provided by the farmer, must be deposited into the Government Treasury by the Senior Agriculture Development Officer using a challan under Head 0401 Agriculture Work, Other Deposit - 800 Other Deposit.
Application DeadlinesFor Kharif season: Beneficiary selection deadline is May 25; seed availability in the district is May 30; seed availability at farm/society/block is June 10; seed provision to farmers is June 15.
For Rabi/Summer season: Beneficiary selection deadline is August 31; seed availability in the district is September 15; seed availability at farm/society/block is September 30; seed provision to farmers is October 10.","Caste Certificate.
Proof Regarding the Size of Land Holding.
Information Pertaining To The Crop Or Seed Being Offered By The Farmer For Exchange.",https://mpkrishi.mp.gov.in/hindisite_New/pdfs/Annapurna.pdf,https://www.myscheme.gov.in/schemes/as-sep,,,all,"[""SC"",""ST""]",,both,"[""Madhya Pradesh""]",False,False,2026-07-05 09:50:16.55+00,"Annapurna Scheme: Seed Exchange Programme The scheme aims to increase agricultural productivity and production for SC/ST farmers who cannot afford improved seeds. It provides high-yielding improved seed varieties, up to one hectare, in exchange for existing crop or seed, backed by a 75% subsidy with a maximum limit of ₹1,500/-. - Provision of improved seeds of high-yielding varieties of foodgrain crops. - 75% subsidy on the actual price of the seed provided in exchange. - The maximum limit of the subsidy is ₹1,500/-. - Seeds of suitable varieties for the land and area will be provided in equal quantity compared to the seed provided by the farmer. - The provision is limited to a maximum area of one hectare. - Certified seed will be provided. Conditions - The seeds supplied must be of the improved variety, prioritizing those that are suitable for or prevalent in the area. - If certified seed is scarce, or depending on the specific crop condition, true form seed may be distributed only with the permission of the Director of Agriculture. - If the farmer provides seed of a different crop for exchange, the seed given by the farmer must be worth 25% of the actual price of the certified seed of the requested crop. - The improved seed provided to the farmer will not exceed the requirement for one hectare. - The seed received from the beneficiary farmer must be sold through auction (Ghosh Vikray) at the local Agricultural Produce Market Committee by a designated committee. - Cash received as the farmer& 39;s share or resulting from the auction of the grain provided by the farmer must be deposited into the Government Treasury by challan under Head 0401 Agriculture Work, Other Deposit - 800 Other Deposit. - If a farmer who previously received seed is given seed again, it must not be for the same crop or variety provided in prior years. Agriculture,Rural & Environment Individual - The applicant must belong to the Scheduled Caste or Scheduled Tribe category. - The applicant must be a small or marginal farmer. - The applicant must be unable to afford the purchase of improved varieties of high-yielding foodgrain crops. Post-Selection Conditions - The farmer must exchange their existing crop or seed for the improved seeds.",2245
as-smp,Annapurna Scheme: Seed Multiplication Programme,The scheme aims to enhance the economic status and productivity of SC/ST farmers by providing high-quality Breeder or Certified I grade seeds for seed production. Beneficiaries receive a 75% subsidy on the cost of the seed for up to 1 hectare of land.,,Farmer Welfare and Agriculture Development Department,Madhya Pradesh,"Agriculture,Rural & Environment",Individual,"- Provision of Breeder or Certified I Grade Seeds for seed production.
- A 75% subsidy is provided on the Breeder or Certified Seed.
- The subsidy is applicable for a maximum area of 1 hectare.
- The payment of registration fees required by the Seed Certification Agency, including the application fee, registration fee, inspection fee, and sample fee, is covered from the scheme funds.

<br>

##### ***Conditions***

- _The produced seeds must be made available to other Scheduled Caste and Scheduled Tribe farmers under the scheme at a fair price in the subsequent year._
- _An agreement (Anubandh) must be executed between the department and the beneficiary through the Seed Production Committee or Farm Superintendent to ensure seed production, marketing (muktjan), and payment according to policy._
- _The entire agricultural methodology (Sampuurna Krishi Kaaryamaala) must be adopted for higher production._
- _Undesirable plants (Avaanchhaniy Paudhon) must be separated to maintain seed purity._
- _The raw seed produced under the program will undergo grading, processing, stacking, and packing at the Government Agricultural Farm or at the processing center of the Seed Corporation or other institutions if facilities are unavailable at the farm._
- _The expenditure incurred on grading, processing, stacking, and packing of raw seeds produced at Government Agricultural Farms may be met by the Deputy Director of Agriculture from the scheme funds, provided the prepared seed is used only under the scheme._
- _The remaining amount, after deducting the processing expenditure from the prescribed price of the supplied seed, must be deposited in the Government Treasury by challan towards payment to the Government Agricultural Farm._

<br>","- The applicant must belong to the Scheduled Caste (SC) or Scheduled Tribe (ST) category.
- The applicant must be a small or marginal farmer.

##### ***Criteria Specific to &quot;Seed Production Programme&quot;***

- The applicant must be willing to participate in the Seed Production Programme.
- The applicant&#39;s land must fall within the 10 km perimeter of the selected Government Agricultural Farms.
- The applicant must conduct the program in a minimum area of 1/2 acre (0.2 hectare).
- The maximum area for which subsidy is eligible is 1 hectare.
- The applicant must mandatorily register with the Seed Certification Agency.

##### ***Crops Included***

- Kharif crops - Paddy, Jowar, Bajra, Maize, Kodo, Kutki, Ragi.
- Rabi crops - Wheat, Barley.

##### ***Operational Area***
The program is implemented within the 10 kilometer perimeter of 46 specified Government Agricultural Farms. These farms are located across various districts, including Bhind, Gwalior, Datia, Shivpuri, Raipur, Rajnandgaon, Raigarh, Janjgir, Korba, Satna, Sidhi, Damoh, Chhatarpur, Panna, Seoni, Balaghat, Chhindwara, Narsinghpur, Katni, Umaria, Khargone, Dewas, Shajapur, Ratlam, Mandsaur, Bhopal, Sehore, Raisen, Betul, Rajgarh, Jagdalpur, Kanker, Sitapur, Koriya, Mandla, Shahdol, Dhar, and Jhabua.
<br>","[Offline]
Step 1: Selection Of Interested BeneficiariesThe Gramin Krishi Vistar Adhikari (Rural Agricultural Extension Officer) will select small and marginal SC/ST farmers who are interested in participating in the Seed Production Programme. 
The Gramin Krishi Vistar Adhikari will prepare a list selecting 1.5 times the target number of beneficiaries.
Step 2: Submission And Approval of Beneficiary ListThe Gramin Krishi Vistar Adhikari will submit the list of selected beneficiaries to the Senior Krishi Vikas Adhikari (Senior Agricultural Development Officer) or the Farm Superintendent (Prakshetra Adhikshak). 
The Senior Krishi Vikas Adhikari or the Farm Superintendent will examine the received list and obtain approval from the Sub-Divisional Agricultural Officer (Anuvibhagiy Krishi Adhikari). 
Priority will be given to the names listed first in the approved list.
Step 3: Seed Procurement and Supply ArrangementThe Director of Agriculture will issue instructions for the supply of seed (Breeder or Certified I Grade) directly to the Deputy Director of Agriculture by authorized institutions, including Government Agricultural Farms, State Seed Corporation, National Seed Corporation, State Farm Corporation of India, and Agricultural Universities. 
The Deputy Director of Agriculture will subsequently arrange for the seed supply to the Farm Superintendent.
Step 4: Seed Distribution to FarmersThe Farm Superintendent will distribute the Breeder or Certified I seed to the selected farmers according to the approval of the Sub-Divisional Agricultural Officer. 
The Farm Superintendent is responsible for sending progress information regarding this distribution to the Sub-Divisional Agricultural Officer.
Step 5: Registration with Seed Certification AgencyThe Gramin Krishi Vistar Adhikari will submit the registration application letter to the Farm Superintendent within 20 days of sowing or before the final date fixed by the government. 
It is mandatory for the Farm Superintendent to present these applications to the Seed Certification Agency within the specified period.
Step 6: Technical Training and Agreement ExecutionBefore undertaking the production program, the beneficiary must receive necessary technical training and information from the Gramin Krishi Vistar Adhikari, Senior Krishi Vikas Adhikari, and Subject Matter Specialists at the sub-divisional level. 
An agreement must be executed between the department and the beneficiary, mediated by the Seed Production Committee or Farm Superintendent, to ensure timely seed production, marketing, and payment at prescribed rates.
Step 7: Payment of Registration FeesThe Sub-Divisional Agricultural Officer is responsible for withdrawing the necessary funds for registration (application fee, registration fee, inspection fee, and sample fee) from the scheme budget and ensuring payment is sent to the Seed Certification Agency before the prescribed date.
Step 8: Marketing and Processing of Produced SeedFollowing successful field certification and subsequent harvesting and threshing, the marketing of the seed will be carried out by the Seed Production Committee or the Farm Superintendent at prescribed rates. 
The Farm Superintendent will manage the grading and packing arrangements according to the schedule prepared under the supervision of the Seed Certification Agency, up until the final dates set by the government.
Benefit DisbursementThe Deputy Director of Agriculture will pay the Seed Supply Institution the actual cost of the seed supplied under the Seed Production Programme from the scheme funds.
The Deputy Director of Agriculture can also utilize scheme funds for expenses related to grading, processing, stacking, and packing of raw seeds produced at Government Agricultural Farms.
Application DeadlinesSelection of Beneficiaries: May 25 (Kharif) and August 31 (Rabi/Summer).
Provision of Seed to Farmers: June 15 (Kharif) and October 10 (Rabi/Summer).
Final date for expenditure against allotted funds: October 31 (Kharif) and January 31 (Rabi/Summer).
Physical and financial targets for all components must be ensured by January 31.","Caste Certificate (To Confirm Scheduled Caste/Scheduled Tribe Status).
Land Holding Details (To Confirm Small or Marginal Farmer Status and Area Coverage).
Documents/Records Specific to the ""Seed Production Programme"" To Be Prepared Or Executed By Officials/Committees
Agreement/Contract (Anubandh) (To Be Executed Between The Department And The Beneficiary, Mediated Through The Seed Production Committee Or The Farm Superintendent).
List Of Registered Farmers (Including Crop/Variety-Wise Information On Sown Area, Prepared By The Farm Superintendent).
Joint Bank Account Details (Required If A Seed Producer Committee Is Formed, Held Jointly By The Committee Chairman And The Farm Superintendent).",https://mpkrishi.mp.gov.in/hindisite_New/pdfs/Annapurna.pdf,https://www.myscheme.gov.in/schemes/as-smp,,,all,"[""SC"",""ST""]",,both,"[""Madhya Pradesh""]",False,False,2026-07-05 09:42:43.012+00,"Annapurna Scheme: Seed Multiplication Programme The scheme aims to enhance the economic status and productivity of SC/ST farmers by providing high-quality Breeder or Certified I grade seeds for seed production. Beneficiaries receive a 75% subsidy on the cost of the seed for up to 1 hectare of land. - Provision of Breeder or Certified I Grade Seeds for seed production. - A 75% subsidy is provided on the Breeder or Certified Seed. - The subsidy is applicable for a maximum area of 1 hectare. - The payment of registration fees required by the Seed Certification Agency, including the application fee, registration fee, inspection fee, and sample fee, is covered from the scheme funds. Conditions - The produced seeds must be made available to other Scheduled Caste and Scheduled Tribe farmers under the scheme at a fair price in the subsequent year. - An agreement (Anubandh) must be executed between the department and the beneficiary through the Seed Production Committee or Farm Superintendent to ensure seed production, marketing (muktjan), and payment according to policy. - The entire agricultural methodology (Sampuurna Krishi Kaaryamaala) must be adopted for higher production. - Undesirable plants (Avaanchhaniy Paudhon) must be separated to maintain seed purity. - The raw seed produced under the program will undergo grading, processing, stacking, and packing at the Government Agricultural Farm or at the processing center of the Seed Corporation or other institutions if facilities are unavailable at the farm. - The expenditure incurred on grading, processing, stacking, and packing of raw seeds produced at Government Agricultural Farms may be met by the Deputy Director of Agriculture from the scheme funds, provided the prepared seed is used only under the scheme. - The remaining amount, after deducting the processing expenditure from the prescribed price of the supplied seed, must be deposited in the Government Treasury by challan towards payment to the Government Agricultural Farm. Agriculture,Rural & Environment Individual - The applicant must belong to the Scheduled Caste (SC) or Scheduled Tribe (ST) category. - The applicant must be a small or marginal farmer. Criteria Specific to &quot;Seed Production Programme&quot; - The applicant must be willing to participate in the Seed Production Programme. - The applicant& 39;s land must fall within the 10 km perimeter of the selected Government Agricultural Farms. - The applicant must conduct the program in a minimum area of 1/2 acre (0.2 hectare). - The maximum area for which subsidy is eligible is 1 hectare. - The applicant must mandatorily register with the Seed Certification Agency. Crops Included - Kharif crops - Paddy, Jowar, Bajra, Maize, Kodo, Kutki, Ragi. - Rabi crops - Wheat, Barley. Operational Area The program is implemented within the 10 kilometer perimeter of 46 specified Government Agricultural Farms. These farms are located across various districts, including Bhind, Gwalior, Datia, Shivpuri, Raipur, Rajnandgaon, Raigarh, Janjgir, Korba, Satna, Sidhi, Damoh, Chhatarpur, Panna, Seoni, Balaghat, Chhindwara, Narsinghpur, Katni, Umaria, Khargone, Dewas, Shajapur, Ratlam, Mandsaur, Bhopal, Sehore, Raisen, Betul, Rajgarh, Jagdalpur, Kanker, Sitapur, Koriya, Mandla, Shahdol, Dhar, and Jhabua.",3296
